{"type":"FeatureCollection","features":[{"type":"Feature","geometry":{"type":"Point","coordinates":[-81.76282,41.45216]},"properties":{"polled_at":"2026-10-03T11:25:14+00:00","region":"OH","outage_id":"41.4522,-81.7628","customers":19,"cause":"","crew_status":"","etr":"2026-10-03T15:00:00Z","wind_kmh":7.9,"gust_kmh":27.7,"precip_mm":0.0,"temp_c":8.2,"nws_alerts":"","dc_name":"Ravenna proposed site (Portage Co.)","dc_km":54.46,"dc_status":"contested","op_dc_name":null,"op_dc_km":null,"weather_flag":0,"dc_flag":0,"cause_category":"not reported","planned_flag":0,"classification":"UNEXPLAINED FAIR-WEATHER","rationale":"no weather signal | nearest DC: Ravenna proposed site (Portage Co.) (54.5 km, contested)"}},{"type":"Feature","geometry":{"type":"Point","coordinates":[-81.59974,41.46838]},"properties":{"polled_at":"2026-10-03T11:25:14+00:00","region":"OH","outage_id":"41.4684,-81.5997","customers":314,"cause":"","crew_status":"","etr":"2026-10-03T13:00:00Z","wind_kmh":5.8,"gust_kmh":22.7,"precip_mm":0.0,"temp_c":8.5,"nws_alerts":"","dc_name":"Ravenna proposed site (Portage Co.)","dc_km":45.69,"dc_status":"contested","op_dc_name":"Expedient NEO (Garfield Heights)","op_dc_km":5.74,"weather_flag":0,"dc_flag":0,"cause_category":"not reported","planned_flag":0,"classification":"NEAR OPERATING DC FAIR-WEATHER (context)","rationale":"no weather signal | nearest DC: Ravenna proposed site (Portage Co.) (45.7 km, contested) | within 5.7 km of operating DC Expedient NEO (Garfield Heights) (context tier: excluded from evidence + alerts)"}},{"type":"Feature","geometry":{"type":"Point","coordinates":[-79.7294,40.32468]},"properties":{"polled_at":"2026-10-03T11:25:14+00:00","region":"PA-NY","outage_id":"40.3247,-79.7294","customers":19,"cause":"Pending Investigation","crew_status":"Dispatched - A crew has been dispatched to restore your outage.","etr":"2026-10-03T13:00:00Z","wind_kmh":10.2,"gust_kmh":21.2,"precip_mm":0.0,"temp_c":9.7,"nws_alerts":"","dc_name":"Springdale / former Cheswick plant site (Allegheny Co.)","dc_km":24.1,"dc_status":"announced","op_dc_name":null,"op_dc_km":null,"weather_flag":0,"dc_flag":0,"cause_category":"under investigation","planned_flag":0,"classification":"UNEXPLAINED FAIR-WEATHER","rationale":"no weather signal | nearest DC: Springdale / former Cheswick plant site (Allegheny Co.) (24.1 km, announced)"}},{"type":"Feature","geometry":{"type":"Point","coordinates":[-75.99289,40.57059]},"properties":{"polled_at":"2026-10-03T11:25:14+00:00","region":"PA-NY","outage_id":"40.5706,-75.9929","customers":19,"cause":"Pending Investigation","crew_status":"Arrived - A crew is working to restore power. The crew may not be visible due to the location of the damage and may request additional assistance if needed.","etr":"2026-10-03T15:30:00Z","wind_kmh":6.7,"gust_kmh":33.8,"precip_mm":0.0,"temp_c":12.7,"nws_alerts":"","dc_name":"AWS Kline Twp campus (Schuylkill Co.)","dc_km":29.01,"dc_status":"announced","op_dc_name":null,"op_dc_km":null,"weather_flag":0,"dc_flag":0,"cause_category":"under investigation","planned_flag":0,"classification":"UNEXPLAINED FAIR-WEATHER","rationale":"no weather signal | nearest DC: AWS Kline Twp campus (Schuylkill Co.) (29.0 km, announced)"}},{"type":"Feature","geometry":{"type":"Point","coordinates":[-75.79602,40.54507]},"properties":{"polled_at":"2026-10-03T11:25:14+00:00","region":"PA-NY","outage_id":"40.5451,-75.796","customers":19,"cause":"Pending Investigation","crew_status":"Preparing for Dispatch - The next available crew will be dispatched to investigate your outage.","etr":"2026-10-03T16:30:00Z","wind_kmh":6.7,"gust_kmh":33.8,"precip_mm":0.0,"temp_c":12.7,"nws_alerts":"","dc_name":"AWS Kline Twp campus (Schuylkill Co.)","dc_km":37.32,"dc_status":"announced","op_dc_name":null,"op_dc_km":null,"weather_flag":0,"dc_flag":0,"cause_category":"under investigation","planned_flag":0,"classification":"UNEXPLAINED FAIR-WEATHER","rationale":"no weather signal | nearest DC: AWS Kline Twp campus (Schuylkill Co.) (37.3 km, announced)"}},{"type":"Feature","geometry":{"type":"Point","coordinates":[-74.85057,41.09729]},"properties":{"polled_at":"2026-10-03T11:25:14+00:00","region":"NJ","outage_id":"41.0973,-74.8506","customers":382,"cause":"Pending Investigation","crew_status":"Arrived - A crew is working to restore power. The crew may not be visible due to the location of the damage and may request additional assistance if needed.","etr":"2026-10-03T14:00:00Z","wind_kmh":11.6,"gust_kmh":31.7,"precip_mm":0.0,"temp_c":10.5,"nws_alerts":"","dc_name":"AWS Kline Twp campus (Schuylkill Co.)","dc_km":103.39,"dc_status":"announced","op_dc_name":null,"op_dc_km":null,"weather_flag":0,"dc_flag":0,"cause_category":"under investigation","planned_flag":0,"classification":"UNEXPLAINED FAIR-WEATHER","rationale":"no weather signal | nearest DC: AWS Kline Twp campus (Schuylkill Co.) (103.4 km, announced)"}},{"type":"Feature","geometry":{"type":"Point","coordinates":[-74.82919,41.08613]},"properties":{"polled_at":"2026-10-03T11:25:14+00:00","region":"NJ","outage_id":"41.0861,-74.8292","customers":19,"cause":"Equipment Damage","crew_status":"Arrived - A crew is working to restore power. The crew may not be visible due to the location of the damage and may request additional assistance if needed.","etr":"2026-10-03T12:00:00Z","wind_kmh":11.6,"gust_kmh":31.7,"precip_mm":0.0,"temp_c":10.5,"nws_alerts":"","dc_name":"AWS Kline Twp campus (Schuylkill Co.)","dc_km":104.78,"dc_status":"announced","op_dc_name":null,"op_dc_km":null,"weather_flag":0,"dc_flag":0,"cause_category":"equipment","planned_flag":0,"classification":"UNEXPLAINED FAIR-WEATHER","rationale":"no weather signal | nearest DC: AWS Kline Twp campus (Schuylkill Co.) (104.8 km, announced)"}},{"type":"Feature","geometry":{"type":"Point","coordinates":[-74.82117,40.89158]},"properties":{"polled_at":"2026-10-03T11:25:14+00:00","region":"NJ","outage_id":"40.8916,-74.8212","customers":19,"cause":"Pending Investigation","crew_status":"Additional Crews Requested - Due to the complexity of the repairs additional resources are required to safely restore power to your area.","etr":"2026-10-03T14:00:00Z","wind_kmh":8.9,"gust_kmh":22.7,"precip_mm":0.0,"temp_c":12.5,"nws_alerts":"","dc_name":"AWS Falls Twp / Keystone Trade Center (Bucks Co.)","dc_km":84.29,"dc_status":"construction","op_dc_name":null,"op_dc_km":null,"weather_flag":0,"dc_flag":0,"cause_category":"under investigation","planned_flag":0,"classification":"UNEXPLAINED FAIR-WEATHER","rationale":"no weather signal | nearest DC: AWS Falls Twp / Keystone Trade Center (Bucks Co.) (84.3 km, construction)"}},{"type":"Feature","geometry":{"type":"Point","coordinates":[-74.81929,40.88772]},"properties":{"polled_at":"2026-10-03T11:25:14+00:00","region":"NJ","outage_id":"40.8877,-74.8193","customers":19,"cause":"Tree Damage","crew_status":"Additional Crews Requested - Due to the complexity of the repairs additional resources are required to safely restore power to your area.","etr":"2026-10-03T14:00:00Z","wind_kmh":8.9,"gust_kmh":22.7,"precip_mm":0.0,"temp_c":12.5,"nws_alerts":"","dc_name":"AWS Falls Twp / Keystone Trade Center (Bucks Co.)","dc_km":83.85,"dc_status":"construction","op_dc_name":null,"op_dc_km":null,"weather_flag":1,"dc_flag":0,"cause_category":"vegetation / tree","planned_flag":0,"classification":"WEATHER-LIKELY","rationale":"utility cause='Tree Damage' | nearest DC: AWS Falls Twp / Keystone Trade Center (Bucks Co.) (83.8 km, construction)"}},{"type":"Feature","geometry":{"type":"Point","coordinates":[-74.90113,40.48944]},"properties":{"polled_at":"2026-10-03T11:25:14+00:00","region":"NJ","outage_id":"40.4894,-74.9011","customers":19,"cause":"Pending Investigation","crew_status":"Additional Crews Requested - Due to the complexity of the repairs additional resources are required to safely restore power to your area.","etr":"2026-10-03T14:00:00Z","wind_kmh":15.5,"gust_kmh":37.8,"precip_mm":0.0,"temp_c":14.1,"nws_alerts":"","dc_name":"AWS Falls Twp / Keystone Trade Center (Bucks Co.)","dc_km":41.19,"dc_status":"construction","op_dc_name":null,"op_dc_km":null,"weather_flag":0,"dc_flag":0,"cause_category":"under investigation","planned_flag":0,"classification":"UNEXPLAINED FAIR-WEATHER","rationale":"no weather signal | nearest DC: AWS Falls Twp / Keystone Trade Center (Bucks Co.) (41.2 km, construction)"}},{"type":"Feature","geometry":{"type":"Point","coordinates":[-74.8151,40.53525]},"properties":{"polled_at":"2026-10-03T11:25:14+00:00","region":"NJ","outage_id":"40.5352,-74.8151","customers":19,"cause":"Pending Investigation","crew_status":"Arrived - A crew is working to restore power. The crew may not be visible due to the location of the damage and may request additional assistance if needed.","etr":"2026-10-03T13:00:00Z","wind_kmh":8.2,"gust_kmh":36.0,"precip_mm":0.0,"temp_c":13.5,"nws_alerts":"","dc_name":"AWS Falls Twp / Keystone Trade Center (Bucks Co.)","dc_km":44.75,"dc_status":"construction","op_dc_name":null,"op_dc_km":null,"weather_flag":0,"dc_flag":0,"cause_category":"under investigation","planned_flag":0,"classification":"UNEXPLAINED FAIR-WEATHER","rationale":"no weather signal | nearest DC: AWS Falls Twp / Keystone Trade Center (Bucks Co.) (44.8 km, construction)"}},{"type":"Feature","geometry":{"type":"Point","coordinates":[-74.54215,40.05741]},"properties":{"polled_at":"2026-10-03T11:25:14+00:00","region":"NJ","outage_id":"40.0574,-74.5422","customers":19,"cause":"Tree Damage","crew_status":"Preparing for Dispatch - The next available crew will be dispatched to investigate your outage.","etr":"2026-10-03T16:00:00Z","wind_kmh":11.8,"gust_kmh":28.1,"precip_mm":0.0,"temp_c":15.3,"nws_alerts":"","dc_name":"AWS Falls Twp / Keystone Trade Center (Bucks Co.)","dc_km":20.44,"dc_status":"construction","op_dc_name":null,"op_dc_km":null,"weather_flag":1,"dc_flag":0,"cause_category":"vegetation / tree","planned_flag":0,"classification":"WEATHER-LIKELY","rationale":"utility cause='Tree Damage' | nearest DC: AWS Falls Twp / Keystone Trade Center (Bucks Co.) (20.4 km, construction)"}},{"type":"Feature","geometry":{"type":"Point","coordinates":[-74.40641,40.67151]},"properties":{"polled_at":"2026-10-03T11:25:14+00:00","region":"NJ","outage_id":"40.6715,-74.4064","customers":271,"cause":"Tree Damage","crew_status":"Additional Crews Requested - Due to the complexity of the repairs additional resources are required to safely restore power to your area.","etr":"2026-10-03T22:00:00Z","wind_kmh":14.2,"gust_kmh":30.6,"precip_mm":0.0,"temp_c":14.3,"nws_alerts":"","dc_name":"AWS Falls Twp / Keystone Trade Center (Bucks Co.)","dc_km":66.75,"dc_status":"construction","op_dc_name":null,"op_dc_km":null,"weather_flag":1,"dc_flag":0,"cause_category":"vegetation / tree","planned_flag":0,"classification":"WEATHER-LIKELY","rationale":"utility cause='Tree Damage' | nearest DC: AWS Falls Twp / Keystone Trade Center (Bucks Co.) (66.7 km, construction)"}},{"type":"Feature","geometry":{"type":"Point","coordinates":[-74.24298,40.14602]},"properties":{"polled_at":"2026-10-03T11:25:14+00:00","region":"NJ","outage_id":"40.146,-74.243","customers":19,"cause":"Equipment Damage","crew_status":"Additional Crews Requested - Due to the complexity of the repairs additional resources are required to safely restore power to your area.","etr":"2026-10-03T15:00:00Z","wind_kmh":13.4,"gust_kmh":38.5,"precip_mm":0.0,"temp_c":15.6,"nws_alerts":"","dc_name":"AWS Falls Twp / Keystone Trade Center (Bucks Co.)","dc_km":43.97,"dc_status":"construction","op_dc_name":null,"op_dc_km":null,"weather_flag":0,"dc_flag":0,"cause_category":"equipment","planned_flag":0,"classification":"UNEXPLAINED FAIR-WEATHER","rationale":"no weather signal | nearest DC: AWS Falls Twp / Keystone Trade Center (Bucks Co.) (44.0 km, construction)"}},{"type":"Feature","geometry":{"type":"Point","coordinates":[-74.15988,40.14295]},"properties":{"polled_at":"2026-10-03T11:25:14+00:00","region":"NJ","outage_id":"40.1429,-74.1599","customers":25,"cause":"Equipment Damage","crew_status":"Additional Crews Requested - Due to the complexity of the repairs additional resources are required to safely restore power to your area.","etr":"2026-10-03T13:30:00Z","wind_kmh":13.4,"gust_kmh":38.5,"precip_mm":0.0,"temp_c":15.6,"nws_alerts":"","dc_name":"AWS Falls Twp / Keystone Trade Center (Bucks Co.)","dc_km":51.02,"dc_status":"construction","op_dc_name":null,"op_dc_km":null,"weather_flag":0,"dc_flag":0,"cause_category":"equipment","planned_flag":0,"classification":"UNEXPLAINED FAIR-WEATHER","rationale":"no weather signal | nearest DC: AWS Falls Twp / Keystone Trade Center (Bucks Co.) (51.0 km, construction)"}},{"type":"Feature","geometry":{"type":"Point","coordinates":[-80.51428,39.7119]},"properties":{"polled_at":"2026-10-03T11:25:14+00:00","region":"MD-WV","outage_id":"39.7119,-80.5143","customers":19,"cause":"Pending Investigation","crew_status":"Dispatched - A crew has been dispatched to restore your outage.","etr":"2026-10-03T12:30:00Z","wind_kmh":14.3,"gust_kmh":39.2,"precip_mm":0.0,"temp_c":11.5,"nws_alerts":"","dc_name":"Fort Martin gas plant + DC load (Maidsville, Monongalia Co.)","dc_km":50.0,"dc_status":"announced","op_dc_name":null,"op_dc_km":null,"weather_flag":0,"dc_flag":0,"cause_category":"under investigation","planned_flag":0,"classification":"UNEXPLAINED FAIR-WEATHER","rationale":"no weather signal | nearest DC: Fort Martin gas plant + DC load (Maidsville, Monongalia Co.) (50.0 km, announced)"}},{"type":"Feature","geometry":{"type":"Point","coordinates":[-80.63479,38.82133]},"properties":{"polled_at":"2026-10-03T11:25:14+00:00","region":"MD-WV","outage_id":"38.8213,-80.6348","customers":39,"cause":"Pending Investigation","crew_status":"Dispatched - A crew has been dispatched to restore your outage.","etr":"2026-10-03T14:00:00Z","wind_kmh":13.2,"gust_kmh":38.2,"precip_mm":0.0,"temp_c":13.4,"nws_alerts":"","dc_name":"Fort Martin gas plant + DC load (Maidsville, Monongalia Co.)","dc_km":115.01,"dc_status":"announced","op_dc_name":null,"op_dc_km":null,"weather_flag":0,"dc_flag":0,"cause_category":"under investigation","planned_flag":0,"classification":"UNEXPLAINED FAIR-WEATHER","rationale":"no weather signal | nearest DC: Fort Martin gas plant + DC load (Maidsville, Monongalia Co.) (115.0 km, announced)"}},{"type":"Feature","geometry":{"type":"Point","coordinates":[-80.68646,38.18969]},"properties":{"polled_at":"2026-10-03T11:25:14+00:00","region":"MD-WV","outage_id":"38.1897,-80.6865","customers":19,"cause":"Pending Investigation","crew_status":"Preparing for Dispatch - The next available crew will be dispatched to investigate your outage.","etr":"2026-10-03T14:30:00Z","wind_kmh":6.2,"gust_kmh":8.3,"precip_mm":6.5,"temp_c":15.2,"nws_alerts":"","dc_name":"Monarch Compute Campus / Mountaineer GigaSystem (Point Pleasant, Mason Co.)","dc_km":149.5,"dc_status":"construction","op_dc_name":null,"op_dc_km":null,"weather_flag":1,"dc_flag":0,"cause_category":"under investigation","planned_flag":0,"classification":"WEATHER-LIKELY","rationale":"precip 6.5 mm/h | nearest DC: Monarch Compute Campus / Mountaineer GigaSystem (Point Pleasant, Mason Co.) (149.5 km, construction)"}},{"type":"Feature","geometry":{"type":"Point","coordinates":[-79.7294,40.32468]},"properties":{"polled_at":"2026-10-03T11:25:14+00:00","region":"MD-WV","outage_id":"40.3247,-79.7294","customers":19,"cause":"Pending Investigation","crew_status":"Dispatched - A crew has been dispatched to restore your outage.","etr":"2026-10-03T13:00:00Z","wind_kmh":10.2,"gust_kmh":21.2,"precip_mm":0.0,"temp_c":9.7,"nws_alerts":"","dc_name":"Springdale / former Cheswick plant site (Allegheny Co.)","dc_km":24.1,"dc_status":"announced","op_dc_name":null,"op_dc_km":null,"weather_flag":0,"dc_flag":0,"cause_category":"under investigation","planned_flag":0,"classification":"UNEXPLAINED FAIR-WEATHER","rationale":"no weather signal | nearest DC: Springdale / former Cheswick plant site (Allegheny Co.) (24.1 km, announced)"}},{"type":"Feature","geometry":{"type":"Point","coordinates":[-78.93657,43.24225]},"properties":{"polled_at":"2026-10-03T11:25:14+00:00","region":"NY-NGRID","outage_id":"43.2422,-78.9366","customers":109,"cause":"Under Investigation","crew_status":"Assigned","etr":"2026-10-03T16:45:00Z","wind_kmh":8.2,"gust_kmh":14.4,"precip_mm":0.0,"temp_c":8.4,"nws_alerts":"","dc_name":"TeraWulf western NY expansion site (TBD)","dc_km":29.13,"dc_status":"announced","op_dc_name":null,"op_dc_km":null,"weather_flag":0,"dc_flag":0,"cause_category":"under investigation","planned_flag":0,"classification":"UNEXPLAINED FAIR-WEATHER","rationale":"no weather signal | nearest DC: TeraWulf western NY expansion site (TBD) (29.1 km, announced)"}},{"type":"Feature","geometry":{"type":"Point","coordinates":[-78.81581,42.89833]},"properties":{"polled_at":"2026-10-03T11:25:14+00:00","region":"NY-NGRID","outage_id":"42.8983,-78.8158","customers":38,"cause":"","crew_status":"","etr":"2026-10-03T13:00:00Z","wind_kmh":7.9,"gust_kmh":14.0,"precip_mm":0.0,"temp_c":7.7,"nws_alerts":"","dc_name":"TeraWulf western NY expansion site (TBD)","dc_km":11.38,"dc_status":"announced","op_dc_name":null,"op_dc_km":null,"weather_flag":0,"dc_flag":0,"cause_category":"not reported","planned_flag":0,"classification":"UNEXPLAINED FAIR-WEATHER","rationale":"no weather signal | nearest DC: TeraWulf western NY expansion site (TBD) (11.4 km, announced)"}},{"type":"Feature","geometry":{"type":"Point","coordinates":[-73.69833,42.781]},"properties":{"polled_at":"2026-10-03T11:25:14+00:00","region":"NY-NGRID","outage_id":"42.781,-73.6983","customers":4,"cause":"Under Investigation","crew_status":"Assigned","etr":"2026-10-03T13:45:00Z","wind_kmh":7.9,"gust_kmh":10.8,"precip_mm":0.0,"temp_c":9.4,"nws_alerts":"","dc_name":"Micron Clay megafab (Onondaga Co.)","dc_km":206.12,"dc_status":"construction","op_dc_name":null,"op_dc_km":null,"weather_flag":0,"dc_flag":0,"cause_category":"under investigation","planned_flag":0,"classification":"UNEXPLAINED FAIR-WEATHER","rationale":"no weather signal | nearest DC: Micron Clay megafab (Onondaga Co.) (206.1 km, construction)"}},{"type":"Feature","geometry":{"type":"Point","coordinates":[-73.75533,42.6139]},"properties":{"polled_at":"2026-10-03T11:25:14+00:00","region":"NY-NGRID","outage_id":"42.6139,-73.7553","customers":4,"cause":"Under Investigation","crew_status":"En Route","etr":"2026-10-03T14:30:00Z","wind_kmh":8.2,"gust_kmh":13.0,"precip_mm":0.0,"temp_c":10.3,"nws_alerts":"","dc_name":"Micron Clay megafab (Onondaga Co.)","dc_km":206.84,"dc_status":"construction","op_dc_name":null,"op_dc_km":null,"weather_flag":0,"dc_flag":0,"cause_category":"under investigation","planned_flag":0,"classification":"UNEXPLAINED FAIR-WEATHER","rationale":"no weather signal | nearest DC: Micron Clay megafab (Onondaga Co.) (206.8 km, construction)"}},{"type":"Feature","geometry":{"type":"Point","coordinates":[-73.78022,42.0372]},"properties":{"polled_at":"2026-10-03T11:25:14+00:00","region":"NY-NGRID","outage_id":"42.0372,-73.7802","customers":4,"cause":"Under Investigation","crew_status":"Unassigned","etr":"2026-10-03T14:45:00Z","wind_kmh":13.4,"gust_kmh":26.3,"precip_mm":0.0,"temp_c":11.9,"nws_alerts":"","dc_name":"AWS Salem Twp (Susquehanna nuclear campus, Luzerne Co.)","dc_km":223.14,"dc_status":"construction","op_dc_name":null,"op_dc_km":null,"weather_flag":0,"dc_flag":0,"cause_category":"under investigation","planned_flag":0,"classification":"UNEXPLAINED FAIR-WEATHER","rationale":"no weather signal | nearest DC: AWS Salem Twp (Susquehanna nuclear campus, Luzerne Co.) (223.1 km, construction)"}},{"type":"Feature","geometry":{"type":"Point","coordinates":[-84.08923,40.76783]},"properties":{"polled_at":"2026-10-03T11:25:14+00:00","region":"OH-AEP","outage_id":"3377511","customers":4,"cause":"","crew_status":"Assessing","etr":"2026-10-03T15:00:08Z","wind_kmh":6.6,"gust_kmh":20.5,"precip_mm":0.0,"temp_c":8.3,"nws_alerts":"","dc_name":"Meta Bowling Green","dc_km":76.83,"dc_status":"construction","op_dc_name":null,"op_dc_km":null,"weather_flag":0,"dc_flag":0,"cause_category":"not reported","planned_flag":0,"classification":"UNEXPLAINED FAIR-WEATHER","rationale":"no weather signal | nearest DC: Meta Bowling Green (76.8 km, construction)"}},{"type":"Feature","geometry":{"type":"Point","coordinates":[-82.93844,40.18326]},"properties":{"polled_at":"2026-10-03T11:25:14+00:00","region":"OH-AEP","outage_id":"3377391","customers":4,"cause":"","crew_status":"Working","etr":"2026-10-03T12:30:35Z","wind_kmh":11.8,"gust_kmh":26.3,"precip_mm":0.0,"temp_c":9.2,"nws_alerts":"","dc_name":"Google New Albany","dc_km":11.94,"dc_status":"construction","op_dc_name":null,"op_dc_km":null,"weather_flag":0,"dc_flag":0,"cause_category":"not reported","planned_flag":0,"classification":"UNEXPLAINED FAIR-WEATHER","rationale":"no weather signal | nearest DC: Google New Albany (11.9 km, construction)"}},{"type":"Feature","geometry":{"type":"Point","coordinates":[-82.80913,40.08251]},"properties":{"polled_at":"2026-10-03T11:25:14+00:00","region":"OH-AEP","outage_id":"3377531","customers":8,"cause":"","crew_status":"Assessing","etr":"2026-10-03T15:00:00Z","wind_kmh":11.8,"gust_kmh":26.3,"precip_mm":0.0,"temp_c":9.2,"nws_alerts":"","dc_name":"AWS New Albany / Jug Street corridor","dc_km":3.52,"dc_status":"construction","op_dc_name":null,"op_dc_km":null,"weather_flag":0,"dc_flag":1,"cause_category":"not reported","planned_flag":0,"classification":"DC-PROXIMATE FAIR-WEATHER","rationale":"no weather signal | nearest DC: AWS New Albany / Jug Street corridor (3.5 km, construction)"}},{"type":"Feature","geometry":{"type":"Point","coordinates":[-81.89411,40.22095]},"properties":{"polled_at":"2026-10-03T11:25:14+00:00","region":"OH-AEP","outage_id":"3377491","customers":4,"cause":"","crew_status":"Assessing","etr":"2026-10-03T14:30:00Z","wind_kmh":8.9,"gust_kmh":19.8,"precip_mm":0.0,"temp_c":8.2,"nws_alerts":"","dc_name":"Microsoft Licking Co. sites (New Albany/Heath/Hebron)","dc_km":65.96,"dc_status":"contested","op_dc_name":null,"op_dc_km":null,"weather_flag":0,"dc_flag":0,"cause_category":"not reported","planned_flag":0,"classification":"UNEXPLAINED FAIR-WEATHER","rationale":"no weather signal | nearest DC: Microsoft Licking Co. sites (New Albany/Heath/Hebron) (66.0 km, contested)"}},{"type":"Feature","geometry":{"type":"Point","coordinates":[-82.9184,38.80093]},"properties":{"polled_at":"2026-10-03T11:25:14+00:00","region":"OH-AEP","outage_id":"3377551","customers":4,"cause":"","crew_status":"Assessing","etr":"2026-10-03T14:00:00Z","wind_kmh":9.2,"gust_kmh":35.6,"precip_mm":0.0,"temp_c":12.8,"nws_alerts":"","dc_name":"TeraWulf 'Muskie' EastPark (Boyd Co. KY)","dc_km":51.69,"dc_status":"announced","op_dc_name":null,"op_dc_km":null,"weather_flag":0,"dc_flag":0,"cause_category":"not reported","planned_flag":0,"classification":"UNEXPLAINED FAIR-WEATHER","rationale":"no weather signal | nearest DC: TeraWulf 'Muskie' EastPark (Boyd Co. KY) (51.7 km, announced)"}},{"type":"Feature","geometry":{"type":"Point","coordinates":[-82.54609,38.41043]},"properties":{"polled_at":"2026-10-03T11:25:14+00:00","region":"OH-AEP","outage_id":"3377331","customers":4,"cause":"EQUIPMENT RELATED","crew_status":"Working","etr":"2026-10-03T14:00:20Z","wind_kmh":12.4,"gust_kmh":34.9,"precip_mm":0.0,"temp_c":14.6,"nws_alerts":"","dc_name":"TeraWulf 'Muskie' EastPark (Boyd Co. KY)","dc_km":16.98,"dc_status":"announced","op_dc_name":null,"op_dc_km":null,"weather_flag":0,"dc_flag":0,"cause_category":"equipment","planned_flag":0,"classification":"UNEXPLAINED FAIR-WEATHER","rationale":"no weather signal | nearest DC: TeraWulf 'Muskie' EastPark (Boyd Co. KY) (17.0 km, announced)"}},{"type":"Feature","geometry":{"type":"Point","coordinates":[-84.6262,40.3501]},"properties":{"polled_at":"2026-10-03T11:25:14+00:00","region":"OH-AES","outage_id":"1815385","customers":45,"cause":"","crew_status":"Darke","etr":"10/03/2026 11:00 AM","wind_kmh":7.6,"gust_kmh":16.9,"precip_mm":0.0,"temp_c":9.1,"nws_alerts":"","dc_name":"Google Fort Wayne (Allen Co. IN)","dc_km":86.97,"dc_status":"construction","op_dc_name":null,"op_dc_km":null,"weather_flag":0,"dc_flag":0,"cause_category":"not reported","planned_flag":0,"classification":"UNEXPLAINED FAIR-WEATHER","rationale":"no weather signal | nearest DC: Google Fort Wayne (Allen Co. IN) (87.0 km, construction)"}},{"type":"Feature","geometry":{"type":"Point","coordinates":[-84.43334,39.66331]},"properties":{"polled_at":"2026-10-03T11:25:14+00:00","region":"OH-AES","outage_id":"1815356","customers":2,"cause":"","crew_status":"Montgomery","etr":"10/03/2026 10:00 AM","wind_kmh":7.2,"gust_kmh":18.4,"precip_mm":0.0,"temp_c":9.4,"nws_alerts":"","dc_name":"Northern Kentucky / BE NKY hyperscale recruitment corridor (Boone/Kenton Co.)","dc_km":72.0,"dc_status":"announced","op_dc_name":null,"op_dc_km":null,"weather_flag":0,"dc_flag":0,"cause_category":"not reported","planned_flag":0,"classification":"UNEXPLAINED FAIR-WEATHER","rationale":"no weather signal | nearest DC: Northern Kentucky / BE NKY hyperscale recruitment corridor (Boone/Kenton Co.) (72.0 km, announced)"}},{"type":"Feature","geometry":{"type":"Point","coordinates":[-84.6066,38.7607]},"properties":{"polled_at":"2026-10-03T11:25:14+00:00","region":"OH-DUKE","outage_id":"20261003000026","customers":1,"cause":"unplanned","crew_status":"","etr":"","wind_kmh":16.6,"gust_kmh":32.0,"precip_mm":0.0,"temp_c":11.2,"nws_alerts":"","dc_name":"Northern Kentucky / BE NKY hyperscale recruitment corridor (Boone/Kenton Co.)","dc_km":31.4,"dc_status":"announced","op_dc_name":null,"op_dc_km":null,"weather_flag":0,"dc_flag":0,"cause_category":"unplanned (generic)","planned_flag":0,"classification":"UNEXPLAINED FAIR-WEATHER","rationale":"no weather signal | nearest DC: Northern Kentucky / BE NKY hyperscale recruitment corridor (Boone/Kenton Co.) (31.4 km, announced)"}},{"type":"Feature","geometry":{"type":"Point","coordinates":[-84.6039,38.7542]},"properties":{"polled_at":"2026-10-03T11:25:14+00:00","region":"OH-DUKE","outage_id":"20261002000455","customers":25,"cause":"unplanned","crew_status":"","etr":"","wind_kmh":16.6,"gust_kmh":32.0,"precip_mm":0.0,"temp_c":11.2,"nws_alerts":"","dc_name":"Northern Kentucky / BE NKY hyperscale recruitment corridor (Boone/Kenton Co.)","dc_km":32.15,"dc_status":"announced","op_dc_name":null,"op_dc_km":null,"weather_flag":0,"dc_flag":0,"cause_category":"unplanned (generic)","planned_flag":0,"classification":"UNEXPLAINED FAIR-WEATHER","rationale":"no weather signal | nearest DC: Northern Kentucky / BE NKY hyperscale recruitment corridor (Boone/Kenton Co.) (32.1 km, announced)"}},{"type":"Feature","geometry":{"type":"Point","coordinates":[-85.7663,39.8579]},"properties":{"polled_at":"2026-10-03T11:25:14+00:00","region":"IN-DUKE","outage_id":"20261003000005","customers":8,"cause":"unplanned","crew_status":"","etr":"","wind_kmh":9.8,"gust_kmh":21.6,"precip_mm":0.0,"temp_c":8.0,"nws_alerts":"","dc_name":"Sabey Indianapolis (Decatur Twp, Marion Co. IN)","dc_km":47.38,"dc_status":"announced","op_dc_name":null,"op_dc_km":null,"weather_flag":0,"dc_flag":0,"cause_category":"unplanned (generic)","planned_flag":0,"classification":"UNEXPLAINED FAIR-WEATHER","rationale":"no weather signal | nearest DC: Sabey Indianapolis (Decatur Twp, Marion Co. IN) (47.4 km, announced)"}},{"type":"Feature","geometry":{"type":"Point","coordinates":[-86.4741,39.2039]},"properties":{"polled_at":"2026-10-03T11:25:14+00:00","region":"IN-DUKE","outage_id":"20261003000024","customers":1,"cause":"unplanned","crew_status":"","etr":"","wind_kmh":7.9,"gust_kmh":20.2,"precip_mm":0.0,"temp_c":10.0,"nws_alerts":"","dc_name":"Google Monrovia (Morgan Co. IN)","dc_km":41.71,"dc_status":"announced","op_dc_name":null,"op_dc_km":null,"weather_flag":0,"dc_flag":0,"cause_category":"unplanned (generic)","planned_flag":0,"classification":"UNEXPLAINED FAIR-WEATHER","rationale":"no weather signal | nearest DC: Google Monrovia (Morgan Co. IN) (41.7 km, announced)"}},{"type":"Feature","geometry":{"type":"Point","coordinates":[-78.4223,37.42746]},"properties":{"polled_at":"2026-10-03T11:25:14+00:00","region":"VA-DOM","outage_id":"34983371","customers":8,"cause":"Power Line Damaged","crew_status":"Working","etr":"ETR-NULL","wind_kmh":16.2,"gust_kmh":40.3,"precip_mm":0.0,"temp_c":17.7,"nws_alerts":"","dc_name":"QTS/CloudHQ Manassas corridor (Prince William)","dc_km":168.61,"dc_status":"construction","op_dc_name":null,"op_dc_km":null,"weather_flag":0,"dc_flag":0,"cause_category":"equipment","planned_flag":0,"classification":"UNEXPLAINED FAIR-WEATHER","rationale":"no weather signal | nearest DC: QTS/CloudHQ Manassas corridor (Prince William) (168.6 km, construction)"}},{"type":"Feature","geometry":{"type":"Point","coordinates":[-78.27023,37.53227]},"properties":{"polled_at":"2026-10-03T11:25:14+00:00","region":"VA-DOM","outage_id":"34983393","customers":3,"cause":"Pending Investigation","crew_status":"Dispatched","etr":"ETR-NULL","wind_kmh":15.5,"gust_kmh":36.7,"precip_mm":0.0,"temp_c":17.6,"nws_alerts":"","dc_name":"QTS/CloudHQ Manassas corridor (Prince William)","dc_km":152.18,"dc_status":"construction","op_dc_name":null,"op_dc_km":null,"weather_flag":0,"dc_flag":0,"cause_category":"under investigation","planned_flag":0,"classification":"UNEXPLAINED FAIR-WEATHER","rationale":"no weather signal | nearest DC: QTS/CloudHQ Manassas corridor (Prince William) (152.2 km, construction)"}},{"type":"Feature","geometry":{"type":"Point","coordinates":[-77.39413,37.55819]},"properties":{"polled_at":"2026-10-03T11:25:14+00:00","region":"VA-DOM","outage_id":"37.5582,-77.3941","customers":36,"cause":"","crew_status":"","etr":"ETR-NULL","wind_kmh":15.3,"gust_kmh":39.6,"precip_mm":0.0,"temp_c":19.7,"nws_alerts":"","dc_name":"QTS/CloudHQ Manassas corridor (Prince William)","dc_km":134.73,"dc_status":"construction","op_dc_name":null,"op_dc_km":null,"weather_flag":0,"dc_flag":0,"cause_category":"not reported","planned_flag":0,"classification":"UNEXPLAINED FAIR-WEATHER","rationale":"no weather signal | nearest DC: QTS/CloudHQ Manassas corridor (Prince William) (134.7 km, construction)"}},{"type":"Feature","geometry":{"type":"Point","coordinates":[-77.61327,37.64252]},"properties":{"polled_at":"2026-10-03T11:25:14+00:00","region":"VA-DOM","outage_id":"34983388","customers":1,"cause":"Power Line Damaged","crew_status":"Dispatched","etr":"ETR-NULL","wind_kmh":15.9,"gust_kmh":37.8,"precip_mm":0.0,"temp_c":19.9,"nws_alerts":"","dc_name":"QTS/CloudHQ Manassas corridor (Prince William)","dc_km":125.21,"dc_status":"construction","op_dc_name":null,"op_dc_km":null,"weather_flag":0,"dc_flag":0,"cause_category":"equipment","planned_flag":0,"classification":"UNEXPLAINED FAIR-WEATHER","rationale":"no weather signal | nearest DC: QTS/CloudHQ Manassas corridor (Prince William) (125.2 km, construction)"}},{"type":"Feature","geometry":{"type":"Point","coordinates":[-77.31291,39.00541]},"properties":{"polled_at":"2026-10-03T11:25:14+00:00","region":"VA-DOM","outage_id":"34983389","customers":66,"cause":"Broken Pole","crew_status":"Dispatched","etr":"ETR-NULL","wind_kmh":16.2,"gust_kmh":43.6,"precip_mm":0.4,"temp_c":15.5,"nws_alerts":"Test Message","dc_name":"QTS/CloudHQ Manassas corridor (Prince William)","dc_km":31.95,"dc_status":"construction","op_dc_name":null,"op_dc_km":null,"weather_flag":1,"dc_flag":0,"cause_category":"equipment","planned_flag":0,"classification":"WEATHER-LIKELY","rationale":"NWS: Test Message | nearest DC: QTS/CloudHQ Manassas corridor (Prince William) (31.9 km, construction)"}},{"type":"Feature","geometry":{"type":"Point","coordinates":[-77.13797,38.89096]},"properties":{"polled_at":"2026-10-03T11:25:14+00:00","region":"VA-DOM","outage_id":"34983372","customers":7,"cause":"Pending Investigation","crew_status":"Working","etr":"ETR-NULL","wind_kmh":14.6,"gust_kmh":33.1,"precip_mm":0.4,"temp_c":14.9,"nws_alerts":"","dc_name":"QTS/CloudHQ Manassas corridor (Prince William)","dc_km":35.65,"dc_status":"construction","op_dc_name":null,"op_dc_km":null,"weather_flag":0,"dc_flag":0,"cause_category":"under investigation","planned_flag":0,"classification":"UNEXPLAINED FAIR-WEATHER","rationale":"no weather signal | nearest DC: QTS/CloudHQ Manassas corridor (Prince William) (35.7 km, construction)"}},{"type":"Feature","geometry":{"type":"Point","coordinates":[-77.151,38.86908]},"properties":{"polled_at":"2026-10-03T11:25:14+00:00","region":"VA-DOM","outage_id":"38.8691,-77.151","customers":26,"cause":"","crew_status":"","etr":"ETR-NULL","wind_kmh":14.6,"gust_kmh":33.1,"precip_mm":0.4,"temp_c":14.9,"nws_alerts":"","dc_name":"QTS/CloudHQ Manassas corridor (Prince William)","dc_km":33.72,"dc_status":"construction","op_dc_name":null,"op_dc_km":null,"weather_flag":0,"dc_flag":0,"cause_category":"not reported","planned_flag":0,"classification":"UNEXPLAINED FAIR-WEATHER","rationale":"no weather signal | nearest DC: QTS/CloudHQ Manassas corridor (Prince William) (33.7 km, construction)"}},{"type":"Feature","geometry":{"type":"Point","coordinates":[-77.33712,37.53846]},"properties":{"polled_at":"2026-10-03T11:25:14+00:00","region":"VA-DOM","outage_id":"34983400","customers":19,"cause":"Pending Investigation","crew_status":"Dispatched","etr":"ETR-NULL","wind_kmh":15.3,"gust_kmh":39.6,"precip_mm":0.0,"temp_c":19.7,"nws_alerts":"","dc_name":"QTS/CloudHQ Manassas corridor (Prince William)","dc_km":137.4,"dc_status":"construction","op_dc_name":null,"op_dc_km":null,"weather_flag":0,"dc_flag":0,"cause_category":"under investigation","planned_flag":0,"classification":"UNEXPLAINED FAIR-WEATHER","rationale":"no weather signal | nearest DC: QTS/CloudHQ Manassas corridor (Prince William) (137.4 km, construction)"}},{"type":"Feature","geometry":{"type":"Point","coordinates":[-76.38917,37.14617]},"properties":{"polled_at":"2026-10-03T11:25:14+00:00","region":"VA-DOM","outage_id":"34983402","customers":6,"cause":"Pending Investigation","crew_status":"Awaiting Assignment","etr":"ETR-NULL","wind_kmh":17.8,"gust_kmh":38.2,"precip_mm":0.0,"temp_c":21.1,"nws_alerts":"","dc_name":"QTS/CloudHQ Manassas corridor (Prince William)","dc_km":205.47,"dc_status":"construction","op_dc_name":null,"op_dc_km":null,"weather_flag":0,"dc_flag":0,"cause_category":"under investigation","planned_flag":0,"classification":"UNEXPLAINED FAIR-WEATHER","rationale":"no weather signal | nearest DC: QTS/CloudHQ Manassas corridor (Prince William) (205.5 km, construction)"}},{"type":"Feature","geometry":{"type":"Point","coordinates":[-76.43055,37.11605]},"properties":{"polled_at":"2026-10-03T11:25:14+00:00","region":"VA-DOM","outage_id":"34983360","customers":2,"cause":"Vehicle Accident","crew_status":"Dispatched","etr":"ETR-NULL","wind_kmh":17.8,"gust_kmh":38.2,"precip_mm":0.0,"temp_c":21.1,"nws_alerts":"","dc_name":"QTS/CloudHQ Manassas corridor (Prince William)","dc_km":206.72,"dc_status":"construction","op_dc_name":null,"op_dc_km":null,"weather_flag":0,"dc_flag":0,"cause_category":"vehicle / dig-in","planned_flag":0,"classification":"UNEXPLAINED FAIR-WEATHER","rationale":"no weather signal | nearest DC: QTS/CloudHQ Manassas corridor (Prince William) (206.7 km, construction)"}},{"type":"Feature","geometry":{"type":"Point","coordinates":[-76.42912,37.1134]},"properties":{"polled_at":"2026-10-03T11:25:14+00:00","region":"VA-DOM","outage_id":"34983369","customers":214,"cause":"Emergency work","crew_status":"Awaiting Assignment","etr":"ETR-NULL","wind_kmh":17.8,"gust_kmh":38.2,"precip_mm":0.0,"temp_c":21.1,"nws_alerts":"","dc_name":"QTS/CloudHQ Manassas corridor (Prince William)","dc_km":207.04,"dc_status":"construction","op_dc_name":null,"op_dc_km":null,"weather_flag":0,"dc_flag":0,"cause_category":"other","planned_flag":0,"classification":"UNEXPLAINED FAIR-WEATHER","rationale":"no weather signal | nearest DC: QTS/CloudHQ Manassas corridor (Prince William) (207.0 km, construction)"}},{"type":"Feature","geometry":{"type":"Point","coordinates":[-76.5064,36.91004]},"properties":{"polled_at":"2026-10-03T11:25:14+00:00","region":"VA-DOM","outage_id":"34983353","customers":3,"cause":"EQUIPMENT PROBLEM","crew_status":"Working","etr":"ETR-NULL","wind_kmh":13.2,"gust_kmh":27.7,"precip_mm":0.0,"temp_c":21.4,"nws_alerts":"","dc_name":"QTS/CloudHQ Manassas corridor (Prince William)","dc_km":224.64,"dc_status":"construction","op_dc_name":null,"op_dc_km":null,"weather_flag":0,"dc_flag":0,"cause_category":"equipment","planned_flag":0,"classification":"UNEXPLAINED FAIR-WEATHER","rationale":"no weather signal | nearest DC: QTS/CloudHQ Manassas corridor (Prince William) (224.6 km, construction)"}},{"type":"Feature","geometry":{"type":"Point","coordinates":[-76.41298,36.9855]},"properties":{"polled_at":"2026-10-03T11:25:14+00:00","region":"VA-DOM","outage_id":"34983018","customers":1,"cause":"Power Line Damaged","crew_status":"Awaiting Assignment","etr":"ETR-NULL","wind_kmh":16.0,"gust_kmh":33.8,"precip_mm":0.0,"temp_c":21.6,"nws_alerts":"","dc_name":"QTS/CloudHQ Manassas corridor (Prince William)","dc_km":220.42,"dc_status":"construction","op_dc_name":null,"op_dc_km":null,"weather_flag":0,"dc_flag":0,"cause_category":"equipment","planned_flag":0,"classification":"UNEXPLAINED FAIR-WEATHER","rationale":"no weather signal | nearest DC: QTS/CloudHQ Manassas corridor (Prince William) (220.4 km, construction)"}},{"type":"Feature","geometry":{"type":"Point","coordinates":[-79.9477,36.3951]},"properties":{"polled_at":"2026-10-03T11:25:14+00:00","region":"NC-DEC","outage_id":"14094718","customers":5,"cause":"unplanned","crew_status":"","etr":"","wind_kmh":6.9,"gust_kmh":13.3,"precip_mm":0.0,"temp_c":19.0,"nws_alerts":"","dc_name":"Microsoft Catawba Co. sites (Conover/Maiden)","dc_km":137.4,"dc_status":"construction","op_dc_name":null,"op_dc_km":null,"weather_flag":0,"dc_flag":0,"cause_category":"unplanned (generic)","planned_flag":0,"classification":"UNEXPLAINED FAIR-WEATHER","rationale":"no weather signal | nearest DC: Microsoft Catawba Co. sites (Conover/Maiden) (137.4 km, construction)"}},{"type":"Feature","geometry":{"type":"Point","coordinates":[-79.9477,36.3951]},"properties":{"polled_at":"2026-10-03T11:25:14+00:00","region":"NC-DEC","outage_id":"14094749","customers":1,"cause":"unplanned","crew_status":"","etr":"","wind_kmh":6.9,"gust_kmh":13.3,"precip_mm":0.0,"temp_c":19.0,"nws_alerts":"","dc_name":"Microsoft Catawba Co. sites (Conover/Maiden)","dc_km":137.4,"dc_status":"construction","op_dc_name":null,"op_dc_km":null,"weather_flag":0,"dc_flag":0,"cause_category":"unplanned (generic)","planned_flag":0,"classification":"UNEXPLAINED FAIR-WEATHER","rationale":"no weather signal | nearest DC: Microsoft Catawba Co. sites (Conover/Maiden) (137.4 km, construction)"}},{"type":"Feature","geometry":{"type":"Point","coordinates":[-79.9477,36.3951]},"properties":{"polled_at":"2026-10-03T11:25:14+00:00","region":"NC-DEC","outage_id":"14094733","customers":3,"cause":"unplanned","crew_status":"","etr":"","wind_kmh":6.9,"gust_kmh":13.3,"precip_mm":0.0,"temp_c":19.0,"nws_alerts":"","dc_name":"Microsoft Catawba Co. sites (Conover/Maiden)","dc_km":137.4,"dc_status":"construction","op_dc_name":null,"op_dc_km":null,"weather_flag":0,"dc_flag":0,"cause_category":"unplanned (generic)","planned_flag":0,"classification":"UNEXPLAINED FAIR-WEATHER","rationale":"no weather signal | nearest DC: Microsoft Catawba Co. sites (Conover/Maiden) (137.4 km, construction)"}},{"type":"Feature","geometry":{"type":"Point","coordinates":[-81.9295,35.7429]},"properties":{"polled_at":"2026-10-03T11:25:14+00:00","region":"NC-DEC","outage_id":"14094760","customers":1,"cause":"unplanned","crew_status":"","etr":"","wind_kmh":3.6,"gust_kmh":5.0,"precip_mm":0.0,"temp_c":19.5,"nws_alerts":"","dc_name":"Microsoft Catawba Co. sites (Conover/Maiden)","dc_km":64.34,"dc_status":"construction","op_dc_name":null,"op_dc_km":null,"weather_flag":0,"dc_flag":0,"cause_category":"unplanned (generic)","planned_flag":0,"classification":"UNEXPLAINED FAIR-WEATHER","rationale":"no weather signal | nearest DC: Microsoft Catawba Co. sites (Conover/Maiden) (64.3 km, construction)"}},{"type":"Feature","geometry":{"type":"Point","coordinates":[-82.6242,35.3881]},"properties":{"polled_at":"2026-10-03T11:25:14+00:00","region":"NC-DEC","outage_id":"14094752","customers":13,"cause":"unplanned","crew_status":"","etr":"","wind_kmh":4.7,"gust_kmh":4.7,"precip_mm":0.0,"temp_c":16.7,"nws_alerts":"","dc_name":"Microsoft Catawba Co. sites (Conover/Maiden)","dc_km":132.1,"dc_status":"construction","op_dc_name":null,"op_dc_km":null,"weather_flag":0,"dc_flag":0,"cause_category":"unplanned (generic)","planned_flag":0,"classification":"UNEXPLAINED FAIR-WEATHER","rationale":"no weather signal | nearest DC: Microsoft Catawba Co. sites (Conover/Maiden) (132.1 km, construction)"}},{"type":"Feature","geometry":{"type":"Point","coordinates":[-83.4007,35.1094]},"properties":{"polled_at":"2026-10-03T11:25:14+00:00","region":"NC-DEC","outage_id":"14094786","customers":1,"cause":"unplanned","crew_status":"","etr":"","wind_kmh":3.9,"gust_kmh":4.0,"precip_mm":0.0,"temp_c":17.0,"nws_alerts":"","dc_name":"Atlanta metro hyperscale wave (contextual anchor)","dc_km":198.24,"dc_status":"announced","op_dc_name":null,"op_dc_km":null,"weather_flag":0,"dc_flag":0,"cause_category":"unplanned (generic)","planned_flag":0,"classification":"UNEXPLAINED FAIR-WEATHER","rationale":"no weather signal | nearest DC: Atlanta metro hyperscale wave (contextual anchor) (198.2 km, announced)"}},{"type":"Feature","geometry":{"type":"Point","coordinates":[-82.4472,35.0973]},"properties":{"polled_at":"2026-10-03T11:25:14+00:00","region":"NC-DEC","outage_id":"14094763","customers":1,"cause":"unplanned","crew_status":"","etr":"","wind_kmh":8.6,"gust_kmh":11.2,"precip_mm":0.0,"temp_c":19.7,"nws_alerts":"","dc_name":"Microsoft Catawba Co. sites (Conover/Maiden)","dc_km":130.47,"dc_status":"construction","op_dc_name":null,"op_dc_km":null,"weather_flag":0,"dc_flag":0,"cause_category":"unplanned (generic)","planned_flag":0,"classification":"UNEXPLAINED FAIR-WEATHER","rationale":"no weather signal | nearest DC: Microsoft Catawba Co. sites (Conover/Maiden) (130.5 km, construction)"}},{"type":"Feature","geometry":{"type":"Point","coordinates":[-79.9573,36.3876]},"properties":{"polled_at":"2026-10-03T11:25:14+00:00","region":"NC-DEC","outage_id":"14094753","customers":78,"cause":"unplanned","crew_status":"","etr":"","wind_kmh":6.9,"gust_kmh":13.3,"precip_mm":0.0,"temp_c":19.0,"nws_alerts":"","dc_name":"Microsoft Catawba Co. sites (Conover/Maiden)","dc_km":136.22,"dc_status":"construction","op_dc_name":null,"op_dc_km":null,"weather_flag":0,"dc_flag":0,"cause_category":"unplanned (generic)","planned_flag":0,"classification":"UNEXPLAINED FAIR-WEATHER","rationale":"no weather signal | nearest DC: Microsoft Catawba Co. sites (Conover/Maiden) (136.2 km, construction)"}},{"type":"Feature","geometry":{"type":"Point","coordinates":[-82.0148,34.7766]},"properties":{"polled_at":"2026-10-03T11:25:14+00:00","region":"NC-DEC","outage_id":"14094787","customers":1,"cause":"unplanned","crew_status":"","etr":"","wind_kmh":6.6,"gust_kmh":14.0,"precip_mm":0.0,"temp_c":20.4,"nws_alerts":"","dc_name":"Microsoft Catawba Co. sites (Conover/Maiden)","dc_km":126.34,"dc_status":"construction","op_dc_name":null,"op_dc_km":null,"weather_flag":0,"dc_flag":0,"cause_category":"unplanned (generic)","planned_flag":0,"classification":"UNEXPLAINED FAIR-WEATHER","rationale":"no weather signal | nearest DC: Microsoft Catawba Co. sites (Conover/Maiden) (126.3 km, construction)"}},{"type":"Feature","geometry":{"type":"Point","coordinates":[-76.97114,39.70585]},"properties":{"polled_at":"2026-10-03T11:25:14+00:00","region":"BGE","outage_id":"39.7058,-76.9711","customers":4,"cause":"An outage was reported in your area. We will update you as soon as we can","crew_status":"A repair crew is on the way","etr":"2026-10-03T14:00:00Z","wind_kmh":17.3,"gust_kmh":40.7,"precip_mm":0.0,"temp_c":14.4,"nws_alerts":"","dc_name":"Quantum Frederick (former Alcoa Eastalco, Frederick Co.)","dc_km":59.94,"dc_status":"construction","op_dc_name":null,"op_dc_km":null,"weather_flag":0,"dc_flag":0,"cause_category":"other","planned_flag":0,"classification":"UNEXPLAINED FAIR-WEATHER","rationale":"no weather signal | nearest DC: Quantum Frederick (former Alcoa Eastalco, Frederick Co.) (59.9 km, construction)"}},{"type":"Feature","geometry":{"type":"Point","coordinates":[-76.82742,39.45012]},"properties":{"polled_at":"2026-10-03T11:25:14+00:00","region":"BGE","outage_id":"39.4501,-76.8274","customers":7,"cause":"An equipment problem likely caused the outage","crew_status":"We are working on assigning a crew","etr":"2026-10-03T14:30:00Z","wind_kmh":12.6,"gust_kmh":38.5,"precip_mm":0.4,"temp_c":15.4,"nws_alerts":"","dc_name":"Quantum Frederick (former Alcoa Eastalco, Frederick Co.)","dc_km":60.13,"dc_status":"construction","op_dc_name":null,"op_dc_km":null,"weather_flag":0,"dc_flag":0,"cause_category":"equipment","planned_flag":0,"classification":"UNEXPLAINED FAIR-WEATHER","rationale":"no weather signal | nearest DC: Quantum Frederick (former Alcoa Eastalco, Frederick Co.) (60.1 km, construction)"}},{"type":"Feature","geometry":{"type":"Point","coordinates":[-76.46965,39.37531]},"properties":{"polled_at":"2026-10-03T11:25:14+00:00","region":"BGE","outage_id":"39.3753,-76.4697","customers":4,"cause":"An equipment problem likely caused the outage","crew_status":"A repair crew is on site","etr":"ETR-EXP","wind_kmh":11.9,"gust_kmh":42.1,"precip_mm":0.7,"temp_c":15.8,"nws_alerts":"","dc_name":"Quantum Frederick (former Alcoa Eastalco, Frederick Co.)","dc_km":90.28,"dc_status":"construction","op_dc_name":null,"op_dc_km":null,"weather_flag":0,"dc_flag":0,"cause_category":"equipment","planned_flag":0,"classification":"UNEXPLAINED FAIR-WEATHER","rationale":"no weather signal | nearest DC: Quantum Frederick (former Alcoa Eastalco, Frederick Co.) (90.3 km, construction)"}},{"type":"Feature","geometry":{"type":"Point","coordinates":[-76.69743,39.35329]},"properties":{"polled_at":"2026-10-03T11:25:14+00:00","region":"BGE","outage_id":"39.3533,-76.6974","customers":4,"cause":"An outage was reported in your area. We will update you as soon as we can","crew_status":"We are working on assigning a crew","etr":"2026-10-03T14:15:00Z","wind_kmh":14.2,"gust_kmh":39.2,"precip_mm":0.7,"temp_c":15.0,"nws_alerts":"","dc_name":"Quantum Frederick (former Alcoa Eastalco, Frederick Co.)","dc_km":70.75,"dc_status":"construction","op_dc_name":null,"op_dc_km":null,"weather_flag":0,"dc_flag":0,"cause_category":"other","planned_flag":0,"classification":"UNEXPLAINED FAIR-WEATHER","rationale":"no weather signal | nearest DC: Quantum Frederick (former Alcoa Eastalco, Frederick Co.) (70.7 km, construction)"}},{"type":"Feature","geometry":{"type":"Point","coordinates":[-76.6485,39.29163]},"properties":{"polled_at":"2026-10-03T11:25:14+00:00","region":"BGE","outage_id":"39.2916,-76.6485","customers":4,"cause":"An outage was reported in your area. We will update you as soon as we can","crew_status":"We are working on assigning a crew","etr":"2026-10-03T14:15:00Z","wind_kmh":14.2,"gust_kmh":39.2,"precip_mm":0.7,"temp_c":15.0,"nws_alerts":"","dc_name":"Quantum Frederick (former Alcoa Eastalco, Frederick Co.)","dc_km":75.49,"dc_status":"construction","op_dc_name":null,"op_dc_km":null,"weather_flag":0,"dc_flag":0,"cause_category":"other","planned_flag":0,"classification":"UNEXPLAINED FAIR-WEATHER","rationale":"no weather signal | nearest DC: Quantum Frederick (former Alcoa Eastalco, Frederick Co.) (75.5 km, construction)"}},{"type":"Feature","geometry":{"type":"Point","coordinates":[-76.83704,39.12104]},"properties":{"polled_at":"2026-10-03T11:25:14+00:00","region":"BGE","outage_id":"39.121,-76.837","customers":4,"cause":"An equipment problem likely caused the outage","crew_status":"We are working on assigning a crew","etr":"2026-10-03T14:15:00Z","wind_kmh":13.4,"gust_kmh":38.5,"precip_mm":0.7,"temp_c":15.1,"nws_alerts":"","dc_name":"Quantum Frederick (former Alcoa Eastalco, Frederick Co.)","dc_km":65.1,"dc_status":"construction","op_dc_name":null,"op_dc_km":null,"weather_flag":0,"dc_flag":0,"cause_category":"equipment","planned_flag":0,"classification":"UNEXPLAINED FAIR-WEATHER","rationale":"no weather signal | nearest DC: Quantum Frederick (former Alcoa Eastalco, Frederick Co.) (65.1 km, construction)"}},{"type":"Feature","geometry":{"type":"Point","coordinates":[-76.80265,39.12428]},"properties":{"polled_at":"2026-10-03T11:25:14+00:00","region":"BGE","outage_id":"39.1243,-76.8026","customers":4,"cause":"An outage was reported in your area. We will update you as soon as we can","crew_status":"We are working on assigning a crew","etr":"2026-10-03T14:30:00Z","wind_kmh":13.4,"gust_kmh":38.5,"precip_mm":0.7,"temp_c":15.1,"nws_alerts":"","dc_name":"Quantum Frederick (former Alcoa Eastalco, Frederick Co.)","dc_km":67.63,"dc_status":"construction","op_dc_name":null,"op_dc_km":null,"weather_flag":0,"dc_flag":0,"cause_category":"other","planned_flag":0,"classification":"UNEXPLAINED FAIR-WEATHER","rationale":"no weather signal | nearest DC: Quantum Frederick (former Alcoa Eastalco, Frederick Co.) (67.6 km, construction)"}},{"type":"Feature","geometry":{"type":"Point","coordinates":[-76.79361,39.10757]},"properties":{"polled_at":"2026-10-03T11:25:14+00:00","region":"BGE","outage_id":"39.1076,-76.7936","customers":4,"cause":"An outage was reported in your area. We will update you as soon as we can","crew_status":"We are working on assigning a crew","etr":"2026-10-03T14:15:00Z","wind_kmh":13.4,"gust_kmh":38.5,"precip_mm":0.7,"temp_c":15.1,"nws_alerts":"","dc_name":"Quantum Frederick (former Alcoa Eastalco, Frederick Co.)","dc_km":69.12,"dc_status":"construction","op_dc_name":null,"op_dc_km":null,"weather_flag":0,"dc_flag":0,"cause_category":"other","planned_flag":0,"classification":"UNEXPLAINED FAIR-WEATHER","rationale":"no weather signal | nearest DC: Quantum Frederick (former Alcoa Eastalco, Frederick Co.) (69.1 km, construction)"}},{"type":"Feature","geometry":{"type":"Point","coordinates":[-76.84666,39.07335]},"properties":{"polled_at":"2026-10-03T11:25:14+00:00","region":"BGE","outage_id":"39.0733,-76.8467","customers":24,"cause":"An equipment problem likely caused the outage","crew_status":"We are working on assigning a crew","etr":"2026-10-03T14:30:00Z","wind_kmh":13.4,"gust_kmh":38.5,"precip_mm":0.7,"temp_c":15.1,"nws_alerts":"","dc_name":"Quantum Frederick (former Alcoa Eastalco, Frederick Co.)","dc_km":66.84,"dc_status":"construction","op_dc_name":null,"op_dc_km":null,"weather_flag":0,"dc_flag":0,"cause_category":"equipment","planned_flag":0,"classification":"UNEXPLAINED FAIR-WEATHER","rationale":"no weather signal | nearest DC: Quantum Frederick (former Alcoa Eastalco, Frederick Co.) (66.8 km, construction)"}},{"type":"Feature","geometry":{"type":"Point","coordinates":[-76.69721,38.99261]},"properties":{"polled_at":"2026-10-03T11:25:14+00:00","region":"BGE","outage_id":"38.9926,-76.6972","customers":4,"cause":"An outage was reported in your area. We will update you as soon as we can","crew_status":"We are working on assigning a crew","etr":"2026-10-03T14:15:00Z","wind_kmh":15.2,"gust_kmh":36.0,"precip_mm":0.4,"temp_c":15.2,"nws_alerts":"","dc_name":"QTS/CloudHQ Manassas corridor (Prince William)","dc_km":75.3,"dc_status":"construction","op_dc_name":null,"op_dc_km":null,"weather_flag":0,"dc_flag":0,"cause_category":"other","planned_flag":0,"classification":"UNEXPLAINED FAIR-WEATHER","rationale":"no weather signal | nearest DC: QTS/CloudHQ Manassas corridor (Prince William) (75.3 km, construction)"}},{"type":"Feature","geometry":{"type":"Point","coordinates":[-76.79161,38.93089]},"properties":{"polled_at":"2026-10-03T11:25:14+00:00","region":"BGE","outage_id":"38.9309,-76.7916","customers":4,"cause":"An equipment problem likely caused the outage","crew_status":"We are working on assigning a crew","etr":"2026-10-03T14:15:00Z","wind_kmh":14.8,"gust_kmh":40.3,"precip_mm":1.1,"temp_c":14.9,"nws_alerts":"","dc_name":"QTS/CloudHQ Manassas corridor (Prince William)","dc_km":65.44,"dc_status":"construction","op_dc_name":null,"op_dc_km":null,"weather_flag":0,"dc_flag":0,"cause_category":"equipment","planned_flag":0,"classification":"UNEXPLAINED FAIR-WEATHER","rationale":"no weather signal | nearest DC: QTS/CloudHQ Manassas corridor (Prince William) (65.4 km, construction)"}},{"type":"Feature","geometry":{"type":"Point","coordinates":[-76.62151,39.28963]},"properties":{"polled_at":"2026-10-03T11:25:14+00:00","region":"BGE","outage_id":"39.2896,-76.6215","customers":4,"cause":"An outage was reported in your area. We will update you as soon as we can","crew_status":"We are working on assigning a crew","etr":"2026-10-03T14:45:00Z","wind_kmh":14.2,"gust_kmh":39.2,"precip_mm":0.7,"temp_c":15.0,"nws_alerts":"","dc_name":"Quantum Frederick (former Alcoa Eastalco, Frederick Co.)","dc_km":77.82,"dc_status":"construction","op_dc_name":null,"op_dc_km":null,"weather_flag":0,"dc_flag":0,"cause_category":"other","planned_flag":0,"classification":"UNEXPLAINED FAIR-WEATHER","rationale":"no weather signal | nearest DC: Quantum Frederick (former Alcoa Eastalco, Frederick Co.) (77.8 km, construction)"}},{"type":"Feature","geometry":{"type":"Point","coordinates":[-76.59737,39.30009]},"properties":{"polled_at":"2026-10-03T11:25:14+00:00","region":"BGE","outage_id":"39.3001,-76.5974","customers":345,"cause":"An outage was reported in your area. We will update you as soon as we can","crew_status":"We are working on assigning a crew","etr":"2026-10-03T14:45:00Z","wind_kmh":14.2,"gust_kmh":39.2,"precip_mm":0.7,"temp_c":15.0,"nws_alerts":"","dc_name":"Quantum Frederick (former Alcoa Eastalco, Frederick Co.)","dc_km":79.75,"dc_status":"construction","op_dc_name":null,"op_dc_km":null,"weather_flag":0,"dc_flag":0,"cause_category":"other","planned_flag":0,"classification":"UNEXPLAINED FAIR-WEATHER","rationale":"no weather signal | nearest DC: Quantum Frederick (former Alcoa Eastalco, Frederick Co.) (79.8 km, construction)"}},{"type":"Feature","geometry":{"type":"Point","coordinates":[-76.6334,39.24627]},"properties":{"polled_at":"2026-10-03T11:25:14+00:00","region":"BGE","outage_id":"39.2463,-76.6334","customers":4,"cause":"An outage was reported in your area. We will update you as soon as we can","crew_status":"A repair crew is on the way","etr":"2026-10-03T12:00:00Z","wind_kmh":12.3,"gust_kmh":40.3,"precip_mm":0.7,"temp_c":15.3,"nws_alerts":"","dc_name":"Quantum Frederick (former Alcoa Eastalco, Frederick Co.)","dc_km":77.55,"dc_status":"construction","op_dc_name":null,"op_dc_km":null,"weather_flag":0,"dc_flag":0,"cause_category":"other","planned_flag":0,"classification":"UNEXPLAINED FAIR-WEATHER","rationale":"no weather signal | nearest DC: Quantum Frederick (former Alcoa Eastalco, Frederick Co.) (77.5 km, construction)"}},{"type":"Feature","geometry":{"type":"Point","coordinates":[-76.52799,39.28421]},"properties":{"polled_at":"2026-10-03T11:25:14+00:00","region":"BGE","outage_id":"39.2842,-76.528","customers":4,"cause":"","crew_status":"","etr":"2026-10-03T14:30:00Z","wind_kmh":14.2,"gust_kmh":39.2,"precip_mm":0.7,"temp_c":15.0,"nws_alerts":"","dc_name":"Quantum Frederick (former Alcoa Eastalco, Frederick Co.)","dc_km":85.88,"dc_status":"construction","op_dc_name":null,"op_dc_km":null,"weather_flag":0,"dc_flag":0,"cause_category":"not reported","planned_flag":0,"classification":"UNEXPLAINED FAIR-WEATHER","rationale":"no weather signal | nearest DC: Quantum Frederick (former Alcoa Eastalco, Frederick Co.) (85.9 km, construction)"}},{"type":"Feature","geometry":{"type":"Point","coordinates":[-76.58346,39.07308]},"properties":{"polled_at":"2026-10-03T11:25:14+00:00","region":"BGE","outage_id":"39.0731,-76.5835","customers":4,"cause":"An equipment problem likely caused the outage","crew_status":"We are working on assigning a crew","etr":"2026-10-03T14:15:00Z","wind_kmh":12.3,"gust_kmh":40.3,"precip_mm":0.7,"temp_c":15.3,"nws_alerts":"","dc_name":"Quantum Frederick (former Alcoa Eastalco, Frederick Co.)","dc_km":87.25,"dc_status":"construction","op_dc_name":null,"op_dc_km":null,"weather_flag":0,"dc_flag":0,"cause_category":"equipment","planned_flag":0,"classification":"UNEXPLAINED FAIR-WEATHER","rationale":"no weather signal | nearest DC: Quantum Frederick (former Alcoa Eastalco, Frederick Co.) (87.3 km, construction)"}},{"type":"Feature","geometry":{"type":"Point","coordinates":[-76.47229,39.09455]},"properties":{"polled_at":"2026-10-03T11:25:14+00:00","region":"BGE","outage_id":"39.0945,-76.4723","customers":4,"cause":"An equipment problem likely caused the outage","crew_status":"We are working on assigning a crew","etr":"2026-10-03T14:15:00Z","wind_kmh":34.0,"gust_kmh":37.8,"precip_mm":0.7,"temp_c":18.0,"nws_alerts":"Small Craft Advisory","dc_name":"Quantum Frederick (former Alcoa Eastalco, Frederick Co.)","dc_km":95.37,"dc_status":"construction","op_dc_name":null,"op_dc_km":null,"weather_flag":1,"dc_flag":0,"cause_category":"equipment","planned_flag":0,"classification":"WEATHER-LIKELY","rationale":"sustained wind 34 km/h; NWS: Small Craft Advisory | nearest DC: Quantum Frederick (former Alcoa Eastalco, Frederick Co.) (95.4 km, construction)"}},{"type":"Feature","geometry":{"type":"Point","coordinates":[-76.43618,39.00773]},"properties":{"polled_at":"2026-10-03T11:25:14+00:00","region":"BGE","outage_id":"39.0077,-76.4362","customers":9,"cause":"An outage was reported in your area. We will update you as soon as we can","crew_status":"A repair crew is on the way","etr":"2026-10-03T14:00:00Z","wind_kmh":34.0,"gust_kmh":37.8,"precip_mm":0.7,"temp_c":18.0,"nws_alerts":"Small Craft Advisory","dc_name":"QTS/CloudHQ Manassas corridor (Prince William)","dc_km":97.33,"dc_status":"construction","op_dc_name":null,"op_dc_km":null,"weather_flag":1,"dc_flag":0,"cause_category":"other","planned_flag":0,"classification":"WEATHER-LIKELY","rationale":"sustained wind 34 km/h; NWS: Small Craft Advisory | nearest DC: QTS/CloudHQ Manassas corridor (Prince William) (97.3 km, construction)"}},{"type":"Feature","geometry":{"type":"Point","coordinates":[-75.43644,40.17954]},"properties":{"polled_at":"2026-10-03T11:25:14+00:00","region":"PECO","outage_id":"40.1795,-75.4364","customers":4,"cause":"Low voltage problem","crew_status":" ","etr":"ETR-NULL","wind_kmh":6.6,"gust_kmh":26.3,"precip_mm":0.0,"temp_c":15.1,"nws_alerts":"","dc_name":"AWS Falls Twp / Keystone Trade Center (Bucks Co.)","dc_km":57.7,"dc_status":"construction","op_dc_name":null,"op_dc_km":null,"weather_flag":0,"dc_flag":0,"cause_category":"other","planned_flag":0,"classification":"UNEXPLAINED FAIR-WEATHER","rationale":"no weather signal | nearest DC: AWS Falls Twp / Keystone Trade Center (Bucks Co.) (57.7 km, construction)"}},{"type":"Feature","geometry":{"type":"Point","coordinates":[-75.58836,39.92669]},"properties":{"polled_at":"2026-10-03T11:25:14+00:00","region":"PECO","outage_id":"39.9267,-75.5884","customers":38,"cause":"Down trees or limbs","crew_status":"Crew Dispatched","etr":"ETR-NULL","wind_kmh":10.7,"gust_kmh":34.2,"precip_mm":0.0,"temp_c":15.2,"nws_alerts":"","dc_name":"AWS Falls Twp / Keystone Trade Center (Bucks Co.)","dc_km":74.23,"dc_status":"construction","op_dc_name":null,"op_dc_km":null,"weather_flag":1,"dc_flag":0,"cause_category":"vegetation / tree","planned_flag":0,"classification":"WEATHER-LIKELY","rationale":"utility cause='Down trees or limbs' | nearest DC: AWS Falls Twp / Keystone Trade Center (Bucks Co.) (74.2 km, construction)"}},{"type":"Feature","geometry":{"type":"Point","coordinates":[-75.29449,40.08586]},"properties":{"polled_at":"2026-10-03T11:25:14+00:00","region":"PECO","outage_id":"40.0859,-75.2945","customers":4,"cause":"Underground cable problem","crew_status":" ","etr":"ETR-NULL","wind_kmh":6.6,"gust_kmh":26.3,"precip_mm":0.0,"temp_c":15.1,"nws_alerts":"","dc_name":"AWS Falls Twp / Keystone Trade Center (Bucks Co.)","dc_km":45.78,"dc_status":"construction","op_dc_name":null,"op_dc_km":null,"weather_flag":0,"dc_flag":0,"cause_category":"equipment","planned_flag":0,"classification":"UNEXPLAINED FAIR-WEATHER","rationale":"no weather signal | nearest DC: AWS Falls Twp / Keystone Trade Center (Bucks Co.) (45.8 km, construction)"}},{"type":"Feature","geometry":{"type":"Point","coordinates":[-75.37454,39.93386]},"properties":{"polled_at":"2026-10-03T11:25:14+00:00","region":"PECO","outage_id":"39.9339,-75.3745","customers":298,"cause":"Cause Undetermined","crew_status":"Crew Dispatched","etr":"ETR-NULL","wind_kmh":13.4,"gust_kmh":37.8,"precip_mm":0.0,"temp_c":15.3,"nws_alerts":"","dc_name":"AWS Falls Twp / Keystone Trade Center (Bucks Co.)","dc_km":56.9,"dc_status":"construction","op_dc_name":null,"op_dc_km":null,"weather_flag":0,"dc_flag":0,"cause_category":"under investigation","planned_flag":0,"classification":"UNEXPLAINED FAIR-WEATHER","rationale":"no weather signal | nearest DC: AWS Falls Twp / Keystone Trade Center (Bucks Co.) (56.9 km, construction)"}},{"type":"Feature","geometry":{"type":"Point","coordinates":[-75.36495,39.9261]},"properties":{"polled_at":"2026-10-03T11:25:14+00:00","region":"PECO","outage_id":"39.9261,-75.3649","customers":4,"cause":"Cause Undetermined","crew_status":"Scheduling Crew","etr":"ETR-NULL","wind_kmh":13.4,"gust_kmh":37.8,"precip_mm":0.0,"temp_c":15.3,"nws_alerts":"","dc_name":"AWS Falls Twp / Keystone Trade Center (Bucks Co.)","dc_km":56.5,"dc_status":"construction","op_dc_name":null,"op_dc_km":null,"weather_flag":0,"dc_flag":0,"cause_category":"under investigation","planned_flag":0,"classification":"UNEXPLAINED FAIR-WEATHER","rationale":"no weather signal | nearest DC: AWS Falls Twp / Keystone Trade Center (Bucks Co.) (56.5 km, construction)"}},{"type":"Feature","geometry":{"type":"Point","coordinates":[-75.2754,39.95452]},"properties":{"polled_at":"2026-10-03T11:25:14+00:00","region":"PECO","outage_id":"39.9545,-75.2754","customers":4,"cause":"Under Evaluation","crew_status":"Crew Dispatched","etr":"ETR-NULL","wind_kmh":13.4,"gust_kmh":37.8,"precip_mm":0.0,"temp_c":15.3,"nws_alerts":"","dc_name":"AWS Falls Twp / Keystone Trade Center (Bucks Co.)","dc_km":48.25,"dc_status":"construction","op_dc_name":null,"op_dc_km":null,"weather_flag":0,"dc_flag":0,"cause_category":"under investigation","planned_flag":0,"classification":"UNEXPLAINED FAIR-WEATHER","rationale":"no weather signal | nearest DC: AWS Falls Twp / Keystone Trade Center (Bucks Co.) (48.2 km, construction)"}},{"type":"Feature","geometry":{"type":"Point","coordinates":[-75.09125,40.1812]},"properties":{"polled_at":"2026-10-03T11:25:14+00:00","region":"PECO","outage_id":"40.1812,-75.0913","customers":4,"cause":"Under Evaluation","crew_status":" ","etr":"ETR-NULL","wind_kmh":12.8,"gust_kmh":34.2,"precip_mm":0.0,"temp_c":14.3,"nws_alerts":"","dc_name":"AWS Falls Twp / Keystone Trade Center (Bucks Co.)","dc_km":28.62,"dc_status":"construction","op_dc_name":null,"op_dc_km":null,"weather_flag":0,"dc_flag":0,"cause_category":"under investigation","planned_flag":0,"classification":"UNEXPLAINED FAIR-WEATHER","rationale":"no weather signal | nearest DC: AWS Falls Twp / Keystone Trade Center (Bucks Co.) (28.6 km, construction)"}},{"type":"Feature","geometry":{"type":"Point","coordinates":[-75.11024,40.14808]},"properties":{"polled_at":"2026-10-03T11:25:14+00:00","region":"PECO","outage_id":"40.1481,-75.1102","customers":4,"cause":"Under Evaluation","crew_status":"Scheduling Crew","etr":"ETR-NULL","wind_kmh":12.8,"gust_kmh":34.2,"precip_mm":0.0,"temp_c":14.3,"nws_alerts":"","dc_name":"AWS Falls Twp / Keystone Trade Center (Bucks Co.)","dc_km":29.81,"dc_status":"construction","op_dc_name":null,"op_dc_km":null,"weather_flag":0,"dc_flag":0,"cause_category":"under investigation","planned_flag":0,"classification":"UNEXPLAINED FAIR-WEATHER","rationale":"no weather signal | nearest DC: AWS Falls Twp / Keystone Trade Center (Bucks Co.) (29.8 km, construction)"}},{"type":"Feature","geometry":{"type":"Point","coordinates":[-75.1595,40.06843]},"properties":{"polled_at":"2026-10-03T11:25:14+00:00","region":"PECO","outage_id":"40.0684,-75.1595","customers":4,"cause":"Under Evaluation","crew_status":"Crew Dispatched","etr":"ETR-NULL","wind_kmh":12.8,"gust_kmh":34.2,"precip_mm":0.0,"temp_c":14.3,"nws_alerts":"","dc_name":"AWS Falls Twp / Keystone Trade Center (Bucks Co.)","dc_km":34.78,"dc_status":"construction","op_dc_name":null,"op_dc_km":null,"weather_flag":0,"dc_flag":0,"cause_category":"under investigation","planned_flag":0,"classification":"UNEXPLAINED FAIR-WEATHER","rationale":"no weather signal | nearest DC: AWS Falls Twp / Keystone Trade Center (Bucks Co.) (34.8 km, construction)"}},{"type":"Feature","geometry":{"type":"Point","coordinates":[-75.09765,40.08541]},"properties":{"polled_at":"2026-10-03T11:25:14+00:00","region":"PECO","outage_id":"40.0854,-75.0977","customers":4,"cause":"Cause Undetermined","crew_status":" ","etr":"ETR-NULL","wind_kmh":12.8,"gust_kmh":34.2,"precip_mm":0.0,"temp_c":14.3,"nws_alerts":"","dc_name":"AWS Falls Twp / Keystone Trade Center (Bucks Co.)","dc_km":29.24,"dc_status":"construction","op_dc_name":null,"op_dc_km":null,"weather_flag":0,"dc_flag":0,"cause_category":"under investigation","planned_flag":0,"classification":"UNEXPLAINED FAIR-WEATHER","rationale":"no weather signal | nearest DC: AWS Falls Twp / Keystone Trade Center (Bucks Co.) (29.2 km, construction)"}},{"type":"Feature","geometry":{"type":"Point","coordinates":[-74.99842,40.15518]},"properties":{"polled_at":"2026-10-03T11:25:14+00:00","region":"PECO","outage_id":"40.1552,-74.9984","customers":4,"cause":"Under Evaluation","crew_status":"Crew Dispatched","etr":"ETR-NULL","wind_kmh":12.6,"gust_kmh":34.9,"precip_mm":0.0,"temp_c":15.6,"nws_alerts":"","dc_name":"AWS Falls Twp / Keystone Trade Center (Bucks Co.)","dc_km":20.39,"dc_status":"construction","op_dc_name":null,"op_dc_km":null,"weather_flag":0,"dc_flag":0,"cause_category":"under investigation","planned_flag":0,"classification":"UNEXPLAINED FAIR-WEATHER","rationale":"no weather signal | nearest DC: AWS Falls Twp / Keystone Trade Center (Bucks Co.) (20.4 km, construction)"}},{"type":"Feature","geometry":{"type":"Point","coordinates":[-75.00337,40.12742]},"properties":{"polled_at":"2026-10-03T11:25:14+00:00","region":"PECO","outage_id":"40.1274,-75.0034","customers":4,"cause":"Under Evaluation","crew_status":" ","etr":"ETR-NULL","wind_kmh":12.8,"gust_kmh":34.2,"precip_mm":0.0,"temp_c":14.3,"nws_alerts":"","dc_name":"AWS Falls Twp / Keystone Trade Center (Bucks Co.)","dc_km":20.71,"dc_status":"construction","op_dc_name":null,"op_dc_km":null,"weather_flag":0,"dc_flag":0,"cause_category":"under investigation","planned_flag":0,"classification":"UNEXPLAINED FAIR-WEATHER","rationale":"no weather signal | nearest DC: AWS Falls Twp / Keystone Trade Center (Bucks Co.) (20.7 km, construction)"}},{"type":"Feature","geometry":{"type":"Point","coordinates":[-75.00185,40.12444]},"properties":{"polled_at":"2026-10-03T11:25:14+00:00","region":"PECO","outage_id":"40.1244,-75.0019","customers":4,"cause":"Under Evaluation","crew_status":"Scheduling Crew","etr":"ETR-NULL","wind_kmh":12.8,"gust_kmh":34.2,"precip_mm":0.0,"temp_c":14.3,"nws_alerts":"","dc_name":"AWS Falls Twp / Keystone Trade Center (Bucks Co.)","dc_km":20.6,"dc_status":"construction","op_dc_name":null,"op_dc_km":null,"weather_flag":0,"dc_flag":0,"cause_category":"under investigation","planned_flag":0,"classification":"UNEXPLAINED FAIR-WEATHER","rationale":"no weather signal | nearest DC: AWS Falls Twp / Keystone Trade Center (Bucks Co.) (20.6 km, construction)"}},{"type":"Feature","geometry":{"type":"Point","coordinates":[-75.00328,40.12459]},"properties":{"polled_at":"2026-10-03T11:25:14+00:00","region":"PECO","outage_id":"40.1246,-75.0033","customers":4,"cause":"Under Evaluation","crew_status":" ","etr":"ETR-NULL","wind_kmh":12.8,"gust_kmh":34.2,"precip_mm":0.0,"temp_c":14.3,"nws_alerts":"","dc_name":"AWS Falls Twp / Keystone Trade Center (Bucks Co.)","dc_km":20.72,"dc_status":"construction","op_dc_name":null,"op_dc_km":null,"weather_flag":0,"dc_flag":0,"cause_category":"under investigation","planned_flag":0,"classification":"UNEXPLAINED FAIR-WEATHER","rationale":"no weather signal | nearest DC: AWS Falls Twp / Keystone Trade Center (Bucks Co.) (20.7 km, construction)"}},{"type":"Feature","geometry":{"type":"Point","coordinates":[-75.00381,40.12665]},"properties":{"polled_at":"2026-10-03T11:25:14+00:00","region":"PECO","outage_id":"40.1266,-75.0038","customers":24,"cause":"Equipment problem","crew_status":"Crew Dispatched","etr":"ETR-NULL","wind_kmh":12.8,"gust_kmh":34.2,"precip_mm":0.0,"temp_c":14.3,"nws_alerts":"","dc_name":"AWS Falls Twp / Keystone Trade Center (Bucks Co.)","dc_km":20.75,"dc_status":"construction","op_dc_name":null,"op_dc_km":null,"weather_flag":0,"dc_flag":0,"cause_category":"equipment","planned_flag":0,"classification":"UNEXPLAINED FAIR-WEATHER","rationale":"no weather signal | nearest DC: AWS Falls Twp / Keystone Trade Center (Bucks Co.) (20.7 km, construction)"}},{"type":"Feature","geometry":{"type":"Point","coordinates":[-75.01858,40.09541]},"properties":{"polled_at":"2026-10-03T11:25:14+00:00","region":"PECO","outage_id":"40.0954,-75.0186","customers":4,"cause":"Under Evaluation","crew_status":"Scheduling Crew","etr":"ETR-NULL","wind_kmh":12.8,"gust_kmh":34.2,"precip_mm":0.0,"temp_c":14.3,"nws_alerts":"","dc_name":"AWS Falls Twp / Keystone Trade Center (Bucks Co.)","dc_km":22.43,"dc_status":"construction","op_dc_name":null,"op_dc_km":null,"weather_flag":0,"dc_flag":0,"cause_category":"under investigation","planned_flag":0,"classification":"UNEXPLAINED FAIR-WEATHER","rationale":"no weather signal | nearest DC: AWS Falls Twp / Keystone Trade Center (Bucks Co.) (22.4 km, construction)"}},{"type":"Feature","geometry":{"type":"Point","coordinates":[-75.19303,40.00849]},"properties":{"polled_at":"2026-10-03T11:25:14+00:00","region":"PECO","outage_id":"40.0085,-75.193","customers":4,"cause":"Under Evaluation","crew_status":"Crew Dispatched","etr":"ETR-NULL","wind_kmh":12.8,"gust_kmh":34.2,"precip_mm":0.0,"temp_c":14.3,"nws_alerts":"","dc_name":"AWS Falls Twp / Keystone Trade Center (Bucks Co.)","dc_km":39.44,"dc_status":"construction","op_dc_name":null,"op_dc_km":null,"weather_flag":0,"dc_flag":0,"cause_category":"under investigation","planned_flag":0,"classification":"UNEXPLAINED FAIR-WEATHER","rationale":"no weather signal | nearest DC: AWS Falls Twp / Keystone Trade Center (Bucks Co.) (39.4 km, construction)"}},{"type":"Feature","geometry":{"type":"Point","coordinates":[-75.22705,39.9799]},"properties":{"polled_at":"2026-10-03T11:25:14+00:00","region":"PECO","outage_id":"39.9799,-75.2271","customers":4,"cause":"Under Evaluation","crew_status":"Scheduling Crew","etr":"ETR-NULL","wind_kmh":9.4,"gust_kmh":31.3,"precip_mm":0.0,"temp_c":15.7,"nws_alerts":"","dc_name":"AWS Falls Twp / Keystone Trade Center (Bucks Co.)","dc_km":43.33,"dc_status":"construction","op_dc_name":null,"op_dc_km":null,"weather_flag":0,"dc_flag":0,"cause_category":"under investigation","planned_flag":0,"classification":"UNEXPLAINED FAIR-WEATHER","rationale":"no weather signal | nearest DC: AWS Falls Twp / Keystone Trade Center (Bucks Co.) (43.3 km, construction)"}},{"type":"Feature","geometry":{"type":"Point","coordinates":[-75.17087,39.99355]},"properties":{"polled_at":"2026-10-03T11:25:14+00:00","region":"PECO","outage_id":"39.9935,-75.1709","customers":4,"cause":"Under Evaluation","crew_status":"Scheduling Crew","etr":"ETR-NULL","wind_kmh":9.4,"gust_kmh":31.3,"precip_mm":0.0,"temp_c":15.7,"nws_alerts":"","dc_name":"AWS Falls Twp / Keystone Trade Center (Bucks Co.)","dc_km":38.34,"dc_status":"construction","op_dc_name":null,"op_dc_km":null,"weather_flag":0,"dc_flag":0,"cause_category":"under investigation","planned_flag":0,"classification":"UNEXPLAINED FAIR-WEATHER","rationale":"no weather signal | nearest DC: AWS Falls Twp / Keystone Trade Center (Bucks Co.) (38.3 km, construction)"}},{"type":"Feature","geometry":{"type":"Point","coordinates":[-75.16166,39.98745]},"properties":{"polled_at":"2026-10-03T11:25:14+00:00","region":"PECO","outage_id":"39.9875,-75.1617","customers":4,"cause":"Under Evaluation","crew_status":"Crew Dispatched","etr":"ETR-NULL","wind_kmh":9.4,"gust_kmh":31.3,"precip_mm":0.0,"temp_c":15.7,"nws_alerts":"","dc_name":"AWS Falls Twp / Keystone Trade Center (Bucks Co.)","dc_km":37.92,"dc_status":"construction","op_dc_name":null,"op_dc_km":null,"weather_flag":0,"dc_flag":0,"cause_category":"under investigation","planned_flag":0,"classification":"UNEXPLAINED FAIR-WEATHER","rationale":"no weather signal | nearest DC: AWS Falls Twp / Keystone Trade Center (Bucks Co.) (37.9 km, construction)"}},{"type":"Feature","geometry":{"type":"Point","coordinates":[-75.14336,40.04121]},"properties":{"polled_at":"2026-10-03T11:25:14+00:00","region":"PECO","outage_id":"40.0412,-75.1434","customers":4,"cause":"Cause Undetermined","crew_status":"Crew Dispatched","etr":"ETR-NULL","wind_kmh":12.8,"gust_kmh":34.2,"precip_mm":0.0,"temp_c":14.3,"nws_alerts":"","dc_name":"AWS Falls Twp / Keystone Trade Center (Bucks Co.)","dc_km":34.24,"dc_status":"construction","op_dc_name":null,"op_dc_km":null,"weather_flag":0,"dc_flag":0,"cause_category":"under investigation","planned_flag":0,"classification":"UNEXPLAINED FAIR-WEATHER","rationale":"no weather signal | nearest DC: AWS Falls Twp / Keystone Trade Center (Bucks Co.) (34.2 km, construction)"}},{"type":"Feature","geometry":{"type":"Point","coordinates":[-75.15546,39.96752]},"properties":{"polled_at":"2026-10-03T11:25:14+00:00","region":"PECO","outage_id":"39.9675,-75.1555","customers":20,"cause":"Cause Undetermined","crew_status":"Scheduling Crew","etr":"ETR-NULL","wind_kmh":9.4,"gust_kmh":31.3,"precip_mm":0.0,"temp_c":15.7,"nws_alerts":"","dc_name":"AWS Falls Twp / Keystone Trade Center (Bucks Co.)","dc_km":38.47,"dc_status":"construction","op_dc_name":null,"op_dc_km":null,"weather_flag":0,"dc_flag":0,"cause_category":"under investigation","planned_flag":0,"classification":"UNEXPLAINED FAIR-WEATHER","rationale":"no weather signal | nearest DC: AWS Falls Twp / Keystone Trade Center (Bucks Co.) (38.5 km, construction)"}},{"type":"Feature","geometry":{"type":"Point","coordinates":[-75.22264,39.9402]},"properties":{"polled_at":"2026-10-03T11:25:14+00:00","region":"PECO","outage_id":"39.9402,-75.2226","customers":4,"cause":"Under Evaluation","crew_status":"Scheduling Crew","etr":"ETR-NULL","wind_kmh":9.4,"gust_kmh":31.3,"precip_mm":0.0,"temp_c":15.7,"nws_alerts":"","dc_name":"AWS Falls Twp / Keystone Trade Center (Bucks Co.)","dc_km":44.95,"dc_status":"construction","op_dc_name":null,"op_dc_km":null,"weather_flag":0,"dc_flag":0,"cause_category":"under investigation","planned_flag":0,"classification":"UNEXPLAINED FAIR-WEATHER","rationale":"no weather signal | nearest DC: AWS Falls Twp / Keystone Trade Center (Bucks Co.) (44.9 km, construction)"}},{"type":"Feature","geometry":{"type":"Point","coordinates":[-75.19867,39.93961]},"properties":{"polled_at":"2026-10-03T11:25:14+00:00","region":"PECO","outage_id":"39.9396,-75.1987","customers":4,"cause":"Under Evaluation","crew_status":"Crew Dispatched","etr":"ETR-NULL","wind_kmh":9.4,"gust_kmh":31.3,"precip_mm":0.0,"temp_c":15.7,"nws_alerts":"","dc_name":"AWS Falls Twp / Keystone Trade Center (Bucks Co.)","dc_km":43.21,"dc_status":"construction","op_dc_name":null,"op_dc_km":null,"weather_flag":0,"dc_flag":0,"cause_category":"under investigation","planned_flag":0,"classification":"UNEXPLAINED FAIR-WEATHER","rationale":"no weather signal | nearest DC: AWS Falls Twp / Keystone Trade Center (Bucks Co.) (43.2 km, construction)"}},{"type":"Feature","geometry":{"type":"Point","coordinates":[-75.03701,40.03292]},"properties":{"polled_at":"2026-10-03T11:25:14+00:00","region":"PECO","outage_id":"40.0329,-75.037","customers":4,"cause":"Under Evaluation","crew_status":"Scheduling Crew","etr":"ETR-NULL","wind_kmh":12.8,"gust_kmh":34.2,"precip_mm":0.0,"temp_c":14.3,"nws_alerts":"","dc_name":"AWS Falls Twp / Keystone Trade Center (Bucks Co.)","dc_km":26.16,"dc_status":"construction","op_dc_name":null,"op_dc_km":null,"weather_flag":0,"dc_flag":0,"cause_category":"under investigation","planned_flag":0,"classification":"UNEXPLAINED FAIR-WEATHER","rationale":"no weather signal | nearest DC: AWS Falls Twp / Keystone Trade Center (Bucks Co.) (26.2 km, construction)"}},{"type":"Feature","geometry":{"type":"Point","coordinates":[-75.0384,40.03516]},"properties":{"polled_at":"2026-10-03T11:25:14+00:00","region":"PECO","outage_id":"40.0352,-75.0384","customers":4,"cause":"Under Evaluation","crew_status":"Crew Dispatched","etr":"ETR-NULL","wind_kmh":12.8,"gust_kmh":34.2,"precip_mm":0.0,"temp_c":14.3,"nws_alerts":"","dc_name":"AWS Falls Twp / Keystone Trade Center (Bucks Co.)","dc_km":26.16,"dc_status":"construction","op_dc_name":null,"op_dc_km":null,"weather_flag":0,"dc_flag":0,"cause_category":"under investigation","planned_flag":0,"classification":"UNEXPLAINED FAIR-WEATHER","rationale":"no weather signal | nearest DC: AWS Falls Twp / Keystone Trade Center (Bucks Co.) (26.2 km, construction)"}},{"type":"Feature","geometry":{"type":"Point","coordinates":[-75.41744,39.90622]},"properties":{"polled_at":"2026-10-03T11:25:14+00:00","region":"PECO","outage_id":"39.9062,-75.4174","customers":337,"cause":"","crew_status":"","etr":"ETR-NULL","wind_kmh":13.4,"gust_kmh":37.8,"precip_mm":0.0,"temp_c":15.3,"nws_alerts":"","dc_name":"AWS Falls Twp / Keystone Trade Center (Bucks Co.)","dc_km":61.49,"dc_status":"construction","op_dc_name":null,"op_dc_km":null,"weather_flag":0,"dc_flag":0,"cause_category":"not reported","planned_flag":0,"classification":"UNEXPLAINED FAIR-WEATHER","rationale":"no weather signal | nearest DC: AWS Falls Twp / Keystone Trade Center (Bucks Co.) (61.5 km, construction)"}},{"type":"Feature","geometry":{"type":"Point","coordinates":[-72.02578,42.44615]},"properties":{"polled_at":"2026-10-03T11:25:14+00:00","region":"MA-NGRID","outage_id":"42.4462,-72.0258","customers":4,"cause":"Under Investigation","crew_status":"Assigned","etr":"2026-10-03T13:15:00Z","wind_kmh":6.8,"gust_kmh":25.2,"precip_mm":0.0,"temp_c":11.2,"nws_alerts":"","dc_name":"AWS Falls Twp / Keystone Trade Center (Bucks Co.)","dc_km":343.8,"dc_status":"construction","op_dc_name":null,"op_dc_km":null,"weather_flag":0,"dc_flag":0,"cause_category":"under investigation","planned_flag":0,"classification":"UNEXPLAINED FAIR-WEATHER","rationale":"no weather signal | nearest DC: AWS Falls Twp / Keystone Trade Center (Bucks Co.) (343.8 km, construction)"}},{"type":"Feature","geometry":{"type":"Point","coordinates":[-71.73716,42.23103]},"properties":{"polled_at":"2026-10-03T11:25:14+00:00","region":"MA-NGRID","outage_id":"42.231,-71.7372","customers":4,"cause":"Under Investigation","crew_status":"Assigned","etr":"2026-10-03T12:00:00Z","wind_kmh":12.5,"gust_kmh":38.2,"precip_mm":0.0,"temp_c":12.8,"nws_alerts":"","dc_name":"AWS Falls Twp / Keystone Trade Center (Bucks Co.)","dc_km":343.93,"dc_status":"construction","op_dc_name":null,"op_dc_km":null,"weather_flag":0,"dc_flag":0,"cause_category":"under investigation","planned_flag":0,"classification":"UNEXPLAINED FAIR-WEATHER","rationale":"no weather signal | nearest DC: AWS Falls Twp / Keystone Trade Center (Bucks Co.) (343.9 km, construction)"}},{"type":"Feature","geometry":{"type":"Point","coordinates":[-71.88684,42.16615]},"properties":{"polled_at":"2026-10-03T11:25:14+00:00","region":"MA-NGRID","outage_id":"42.1662,-71.8868","customers":41,"cause":"Under Investigation","crew_status":"En Route","etr":"2026-10-03T13:15:00Z","wind_kmh":12.2,"gust_kmh":31.3,"precip_mm":0.0,"temp_c":12.1,"nws_alerts":"","dc_name":"AWS Falls Twp / Keystone Trade Center (Bucks Co.)","dc_km":329.93,"dc_status":"construction","op_dc_name":null,"op_dc_km":null,"weather_flag":0,"dc_flag":0,"cause_category":"under investigation","planned_flag":0,"classification":"UNEXPLAINED FAIR-WEATHER","rationale":"no weather signal | nearest DC: AWS Falls Twp / Keystone Trade Center (Bucks Co.) (329.9 km, construction)"}},{"type":"Feature","geometry":{"type":"Point","coordinates":[-71.37194,42.60839]},"properties":{"polled_at":"2026-10-03T11:25:14+00:00","region":"MA-NGRID","outage_id":"42.6084,-71.3719","customers":8,"cause":"Equipment Failure","crew_status":"Assigned","etr":"2026-10-03T14:00:00Z","wind_kmh":11.4,"gust_kmh":39.2,"precip_mm":0.0,"temp_c":12.4,"nws_alerts":"","dc_name":"AWS Falls Twp / Keystone Trade Center (Bucks Co.)","dc_km":394.36,"dc_status":"construction","op_dc_name":null,"op_dc_km":null,"weather_flag":0,"dc_flag":0,"cause_category":"equipment","planned_flag":0,"classification":"UNEXPLAINED FAIR-WEATHER","rationale":"no weather signal | nearest DC: AWS Falls Twp / Keystone Trade Center (Bucks Co.) (394.4 km, construction)"}},{"type":"Feature","geometry":{"type":"Point","coordinates":[-71.19914,42.65895]},"properties":{"polled_at":"2026-10-03T11:25:14+00:00","region":"MA-NGRID","outage_id":"42.6589,-71.1991","customers":4,"cause":"Under Investigation","crew_status":"Unassigned","etr":"2026-10-03T12:45:00Z","wind_kmh":12.0,"gust_kmh":35.3,"precip_mm":0.0,"temp_c":12.7,"nws_alerts":"","dc_name":"AWS Falls Twp / Keystone Trade Center (Bucks Co.)","dc_km":408.57,"dc_status":"construction","op_dc_name":null,"op_dc_km":null,"weather_flag":0,"dc_flag":0,"cause_category":"under investigation","planned_flag":0,"classification":"UNEXPLAINED FAIR-WEATHER","rationale":"no weather signal | nearest DC: AWS Falls Twp / Keystone Trade Center (Bucks Co.) (408.6 km, construction)"}},{"type":"Feature","geometry":{"type":"Point","coordinates":[-71.25842,42.60878]},"properties":{"polled_at":"2026-10-03T11:25:14+00:00","region":"MA-NGRID","outage_id":"42.6088,-71.2584","customers":7,"cause":"Under Investigation","crew_status":"Unassigned","etr":"2026-10-03T13:15:00Z","wind_kmh":11.4,"gust_kmh":39.2,"precip_mm":0.0,"temp_c":12.4,"nws_alerts":"","dc_name":"AWS Falls Twp / Keystone Trade Center (Bucks Co.)","dc_km":401.23,"dc_status":"construction","op_dc_name":null,"op_dc_km":null,"weather_flag":0,"dc_flag":0,"cause_category":"under investigation","planned_flag":0,"classification":"UNEXPLAINED FAIR-WEATHER","rationale":"no weather signal | nearest DC: AWS Falls Twp / Keystone Trade Center (Bucks Co.) (401.2 km, construction)"}},{"type":"Feature","geometry":{"type":"Point","coordinates":[-71.7108,42.41921]},"properties":{"polled_at":"2026-10-03T11:25:14+00:00","region":"MA-NGRID","outage_id":"42.4192,-71.7108","customers":9,"cause":"Under Investigation","crew_status":"Unassigned","etr":"2026-10-03T13:00:00Z","wind_kmh":13.7,"gust_kmh":29.2,"precip_mm":0.0,"temp_c":12.0,"nws_alerts":"","dc_name":"AWS Falls Twp / Keystone Trade Center (Bucks Co.)","dc_km":359.73,"dc_status":"construction","op_dc_name":null,"op_dc_km":null,"weather_flag":0,"dc_flag":0,"cause_category":"under investigation","planned_flag":0,"classification":"UNEXPLAINED FAIR-WEATHER","rationale":"no weather signal | nearest DC: AWS Falls Twp / Keystone Trade Center (Bucks Co.) (359.7 km, construction)"}},{"type":"Feature","geometry":{"type":"Point","coordinates":[-71.71188,42.41726]},"properties":{"polled_at":"2026-10-03T11:25:14+00:00","region":"MA-NGRID","outage_id":"42.4173,-71.7119","customers":4,"cause":"Under Investigation","crew_status":"Unassigned","etr":"2026-10-03T13:00:00Z","wind_kmh":13.7,"gust_kmh":29.2,"precip_mm":0.0,"temp_c":12.0,"nws_alerts":"","dc_name":"AWS Falls Twp / Keystone Trade Center (Bucks Co.)","dc_km":359.51,"dc_status":"construction","op_dc_name":null,"op_dc_km":null,"weather_flag":0,"dc_flag":0,"cause_category":"under investigation","planned_flag":0,"classification":"UNEXPLAINED FAIR-WEATHER","rationale":"no weather signal | nearest DC: AWS Falls Twp / Keystone Trade Center (Bucks Co.) (359.5 km, construction)"}},{"type":"Feature","geometry":{"type":"Point","coordinates":[-73.23285,41.48849]},"properties":{"polled_at":"2026-10-03T11:25:14+00:00","region":"NE-EVERSOURCE","outage_id":"W6112671-0","customers":4,"cause":"","crew_status":"","etr":"2026-10-03T10:00:00-0400","wind_kmh":13.9,"gust_kmh":29.9,"precip_mm":0.0,"temp_c":13.0,"nws_alerts":"","dc_name":"AWS Falls Twp / Keystone Trade Center (Bucks Co.)","dc_km":197.9,"dc_status":"construction","op_dc_name":null,"op_dc_km":null,"weather_flag":0,"dc_flag":0,"cause_category":"not reported","planned_flag":0,"classification":"UNEXPLAINED FAIR-WEATHER","rationale":"no weather signal | nearest DC: AWS Falls Twp / Keystone Trade Center (Bucks Co.) (197.9 km, construction)"}},{"type":"Feature","geometry":{"type":"Point","coordinates":[-73.46936,41.36961]},"properties":{"polled_at":"2026-10-03T11:25:14+00:00","region":"NE-EVERSOURCE","outage_id":"W6112468-0","customers":4,"cause":"PLAN","crew_status":"","etr":"2026-10-04T07:00:00-0400","wind_kmh":11.0,"gust_kmh":34.9,"precip_mm":0.0,"temp_c":12.7,"nws_alerts":"","dc_name":"AWS Falls Twp / Keystone Trade Center (Bucks Co.)","dc_km":175.11,"dc_status":"construction","op_dc_name":null,"op_dc_km":null,"weather_flag":0,"dc_flag":0,"cause_category":"planned work","planned_flag":1,"classification":"PLANNED WORK (excluded from evidence)","rationale":"utility-stated planned work: 'PLAN' | nearest DC: AWS Falls Twp / Keystone Trade Center (Bucks Co.) (175.1 km)"}},{"type":"Feature","geometry":{"type":"Point","coordinates":[-72.87714,41.77075]},"properties":{"polled_at":"2026-10-03T11:25:14+00:00","region":"NE-EVERSOURCE","outage_id":"W6112634-0","customers":4,"cause":"EQUP","crew_status":"","etr":"2026-10-03T15:00:00-0400","wind_kmh":13.5,"gust_kmh":28.1,"precip_mm":0.0,"temp_c":12.0,"nws_alerts":"","dc_name":"AWS Falls Twp / Keystone Trade Center (Bucks Co.)","dc_km":241.0,"dc_status":"construction","op_dc_name":null,"op_dc_km":null,"weather_flag":0,"dc_flag":0,"cause_category":"other","planned_flag":0,"classification":"UNEXPLAINED FAIR-WEATHER","rationale":"no weather signal | nearest DC: AWS Falls Twp / Keystone Trade Center (Bucks Co.) (241.0 km, construction)"}},{"type":"Feature","geometry":{"type":"Point","coordinates":[-73.00704,41.54868]},"properties":{"polled_at":"2026-10-03T11:25:14+00:00","region":"NE-EVERSOURCE","outage_id":"W6112670-0","customers":2607,"cause":"","crew_status":"","etr":"2026-10-03T09:15:00-0400","wind_kmh":15.6,"gust_kmh":32.0,"precip_mm":0.0,"temp_c":12.0,"nws_alerts":"","dc_name":"AWS Falls Twp / Keystone Trade Center (Bucks Co.)","dc_km":215.52,"dc_status":"construction","op_dc_name":null,"op_dc_km":null,"weather_flag":0,"dc_flag":0,"cause_category":"not reported","planned_flag":0,"classification":"UNEXPLAINED FAIR-WEATHER","rationale":"no weather signal | nearest DC: AWS Falls Twp / Keystone Trade Center (Bucks Co.) (215.5 km, construction)"}},{"type":"Feature","geometry":{"type":"Point","coordinates":[-71.19973,42.50505]},"properties":{"polled_at":"2026-10-03T11:25:14+00:00","region":"NE-EVERSOURCE","outage_id":"E1529909-0","customers":4,"cause":"","crew_status":"","etr":"2026-10-03T09:00:00-0400","wind_kmh":12.0,"gust_kmh":35.3,"precip_mm":0.0,"temp_c":12.7,"nws_alerts":"","dc_name":"AWS Falls Twp / Keystone Trade Center (Bucks Co.)","dc_km":397.24,"dc_status":"construction","op_dc_name":null,"op_dc_km":null,"weather_flag":0,"dc_flag":0,"cause_category":"not reported","planned_flag":0,"classification":"UNEXPLAINED FAIR-WEATHER","rationale":"no weather signal | nearest DC: AWS Falls Twp / Keystone Trade Center (Bucks Co.) (397.2 km, construction)"}},{"type":"Feature","geometry":{"type":"Point","coordinates":[-71.24006,42.44182]},"properties":{"polled_at":"2026-10-03T11:25:14+00:00","region":"NE-EVERSOURCE","outage_id":"E1529908-0","customers":4,"cause":"","crew_status":"","etr":"2026-10-03T09:00:00-0400","wind_kmh":10.3,"gust_kmh":34.9,"precip_mm":0.0,"temp_c":13.0,"nws_alerts":"","dc_name":"AWS Falls Twp / Keystone Trade Center (Bucks Co.)","dc_km":390.18,"dc_status":"construction","op_dc_name":null,"op_dc_km":null,"weather_flag":0,"dc_flag":0,"cause_category":"not reported","planned_flag":0,"classification":"UNEXPLAINED FAIR-WEATHER","rationale":"no weather signal | nearest DC: AWS Falls Twp / Keystone Trade Center (Bucks Co.) (390.2 km, construction)"}},{"type":"Feature","geometry":{"type":"Point","coordinates":[-71.48745,42.20484]},"properties":{"polled_at":"2026-10-03T11:25:14+00:00","region":"NE-EVERSOURCE","outage_id":"E1529907-0","customers":4,"cause":"","crew_status":"","etr":"2026-10-03T09:00:00-0400","wind_kmh":11.9,"gust_kmh":37.8,"precip_mm":0.0,"temp_c":13.3,"nws_alerts":"","dc_name":"AWS Falls Twp / Keystone Trade Center (Bucks Co.)","dc_km":357.73,"dc_status":"construction","op_dc_name":null,"op_dc_km":null,"weather_flag":0,"dc_flag":0,"cause_category":"not reported","planned_flag":0,"classification":"UNEXPLAINED FAIR-WEATHER","rationale":"no weather signal | nearest DC: AWS Falls Twp / Keystone Trade Center (Bucks Co.) (357.7 km, construction)"}},{"type":"Feature","geometry":{"type":"Point","coordinates":[-71.04962,42.28632]},"properties":{"polled_at":"2026-10-03T11:25:14+00:00","region":"NE-EVERSOURCE","outage_id":"E1529905-0","customers":4,"cause":"","crew_status":"","etr":"2026-10-03T09:00:00-0400","wind_kmh":10.3,"gust_kmh":34.9,"precip_mm":0.0,"temp_c":13.0,"nws_alerts":"","dc_name":"AWS Falls Twp / Keystone Trade Center (Bucks Co.)","dc_km":391.8,"dc_status":"construction","op_dc_name":null,"op_dc_km":null,"weather_flag":0,"dc_flag":0,"cause_category":"not reported","planned_flag":0,"classification":"UNEXPLAINED FAIR-WEATHER","rationale":"no weather signal | nearest DC: AWS Falls Twp / Keystone Trade Center (Bucks Co.) (391.8 km, construction)"}},{"type":"Feature","geometry":{"type":"Point","coordinates":[-70.70542,42.08328]},"properties":{"polled_at":"2026-10-03T11:25:14+00:00","region":"NE-EVERSOURCE","outage_id":"E1529895-0","customers":23,"cause":"TREI","crew_status":"","etr":"2026-10-03T09:15:00-0400","wind_kmh":26.8,"gust_kmh":40.0,"precip_mm":0.0,"temp_c":15.9,"nws_alerts":"","dc_name":"AWS Falls Twp / Keystone Trade Center (Bucks Co.)","dc_km":402.83,"dc_status":"construction","op_dc_name":null,"op_dc_km":null,"weather_flag":0,"dc_flag":0,"cause_category":"other","planned_flag":0,"classification":"UNEXPLAINED FAIR-WEATHER","rationale":"no weather signal | nearest DC: AWS Falls Twp / Keystone Trade Center (Bucks Co.) (402.8 km, construction)"}},{"type":"Feature","geometry":{"type":"Point","coordinates":[-79.3795,36.4108]},"properties":{"polled_at":"2026-10-03T11:25:14+00:00","region":"NC-DEP","outage_id":"6243023","customers":88,"cause":"unplanned","crew_status":"","etr":"","wind_kmh":6.8,"gust_kmh":21.2,"precip_mm":0.0,"temp_c":18.6,"nws_alerts":"","dc_name":"Microsoft Catawba Co. sites (Conover/Maiden)","dc_km":182.8,"dc_status":"construction","op_dc_name":null,"op_dc_km":null,"weather_flag":0,"dc_flag":0,"cause_category":"unplanned (generic)","planned_flag":0,"classification":"UNEXPLAINED FAIR-WEATHER","rationale":"no weather signal | nearest DC: Microsoft Catawba Co. sites (Conover/Maiden) (182.8 km, construction)"}},{"type":"Feature","geometry":{"type":"Point","coordinates":[-79.5146,35.7324]},"properties":{"polled_at":"2026-10-03T11:25:14+00:00","region":"NC-DEP","outage_id":"6243019","customers":8,"cause":"unplanned","crew_status":"","etr":"","wind_kmh":7.0,"gust_kmh":10.1,"precip_mm":0.0,"temp_c":18.2,"nws_alerts":"","dc_name":"Microsoft Catawba Co. sites (Conover/Maiden)","dc_km":153.8,"dc_status":"construction","op_dc_name":null,"op_dc_km":null,"weather_flag":0,"dc_flag":0,"cause_category":"unplanned (generic)","planned_flag":0,"classification":"UNEXPLAINED FAIR-WEATHER","rationale":"no weather signal | nearest DC: Microsoft Catawba Co. sites (Conover/Maiden) (153.8 km, construction)"}},{"type":"Feature","geometry":{"type":"Point","coordinates":[-79.9477,36.3951]},"properties":{"polled_at":"2026-10-03T11:25:14+00:00","region":"NC-DEP","outage_id":"14094718","customers":5,"cause":"unplanned","crew_status":"","etr":"","wind_kmh":6.9,"gust_kmh":13.3,"precip_mm":0.0,"temp_c":19.0,"nws_alerts":"","dc_name":"Microsoft Catawba Co. sites (Conover/Maiden)","dc_km":137.4,"dc_status":"construction","op_dc_name":null,"op_dc_km":null,"weather_flag":0,"dc_flag":0,"cause_category":"unplanned (generic)","planned_flag":0,"classification":"UNEXPLAINED FAIR-WEATHER","rationale":"no weather signal | nearest DC: Microsoft Catawba Co. sites (Conover/Maiden) (137.4 km, construction)"}},{"type":"Feature","geometry":{"type":"Point","coordinates":[-79.9477,36.3951]},"properties":{"polled_at":"2026-10-03T11:25:14+00:00","region":"NC-DEP","outage_id":"14094749","customers":1,"cause":"unplanned","crew_status":"","etr":"","wind_kmh":6.9,"gust_kmh":13.3,"precip_mm":0.0,"temp_c":19.0,"nws_alerts":"","dc_name":"Microsoft Catawba Co. sites (Conover/Maiden)","dc_km":137.4,"dc_status":"construction","op_dc_name":null,"op_dc_km":null,"weather_flag":0,"dc_flag":0,"cause_category":"unplanned (generic)","planned_flag":0,"classification":"UNEXPLAINED FAIR-WEATHER","rationale":"no weather signal | nearest DC: Microsoft Catawba Co. sites (Conover/Maiden) (137.4 km, construction)"}},{"type":"Feature","geometry":{"type":"Point","coordinates":[-79.9477,36.3951]},"properties":{"polled_at":"2026-10-03T11:25:14+00:00","region":"NC-DEP","outage_id":"14094733","customers":3,"cause":"unplanned","crew_status":"","etr":"","wind_kmh":6.9,"gust_kmh":13.3,"precip_mm":0.0,"temp_c":19.0,"nws_alerts":"","dc_name":"Microsoft Catawba Co. sites (Conover/Maiden)","dc_km":137.4,"dc_status":"construction","op_dc_name":null,"op_dc_km":null,"weather_flag":0,"dc_flag":0,"cause_category":"unplanned (generic)","planned_flag":0,"classification":"UNEXPLAINED FAIR-WEATHER","rationale":"no weather signal | nearest DC: Microsoft Catawba Co. sites (Conover/Maiden) (137.4 km, construction)"}},{"type":"Feature","geometry":{"type":"Point","coordinates":[-79.9573,36.3876]},"properties":{"polled_at":"2026-10-03T11:25:14+00:00","region":"NC-DEP","outage_id":"14094753","customers":78,"cause":"unplanned","crew_status":"","etr":"","wind_kmh":6.9,"gust_kmh":13.3,"precip_mm":0.0,"temp_c":19.0,"nws_alerts":"","dc_name":"Microsoft Catawba Co. sites (Conover/Maiden)","dc_km":136.22,"dc_status":"construction","op_dc_name":null,"op_dc_km":null,"weather_flag":0,"dc_flag":0,"cause_category":"unplanned (generic)","planned_flag":0,"classification":"UNEXPLAINED FAIR-WEATHER","rationale":"no weather signal | nearest DC: Microsoft Catawba Co. sites (Conover/Maiden) (136.2 km, construction)"}},{"type":"Feature","geometry":{"type":"Point","coordinates":[-77.15872,39.07462]},"properties":{"polled_at":"2026-10-03T11:25:14+00:00","region":"DC-PEPCO","outage_id":"39.0746,-77.1587","customers":10,"cause":"Under Evaluation","crew_status":"On Site","etr":"2026-10-03T14:00:00Z","wind_kmh":15.3,"gust_kmh":37.8,"precip_mm":0.7,"temp_c":15.0,"nws_alerts":"Test Message","dc_name":"Quantum Frederick (former Alcoa Eastalco, Frederick Co.)","dc_km":45.41,"dc_status":"construction","op_dc_name":null,"op_dc_km":null,"weather_flag":1,"dc_flag":0,"cause_category":"under investigation","planned_flag":0,"classification":"WEATHER-LIKELY","rationale":"NWS: Test Message | nearest DC: Quantum Frederick (former Alcoa Eastalco, Frederick Co.) (45.4 km, construction)"}},{"type":"Feature","geometry":{"type":"Point","coordinates":[-77.1581,39.07503]},"properties":{"polled_at":"2026-10-03T11:25:14+00:00","region":"DC-PEPCO","outage_id":"39.075,-77.1581","customers":4,"cause":"Under Evaluation","crew_status":"Assigned","etr":"2026-10-03T13:00:00Z","wind_kmh":15.3,"gust_kmh":37.8,"precip_mm":0.7,"temp_c":15.0,"nws_alerts":"Test Message","dc_name":"Quantum Frederick (former Alcoa Eastalco, Frederick Co.)","dc_km":45.41,"dc_status":"construction","op_dc_name":null,"op_dc_km":null,"weather_flag":1,"dc_flag":0,"cause_category":"under investigation","planned_flag":0,"classification":"WEATHER-LIKELY","rationale":"NWS: Test Message | nearest DC: Quantum Frederick (former Alcoa Eastalco, Frederick Co.) (45.4 km, construction)"}},{"type":"Feature","geometry":{"type":"Point","coordinates":[-77.02351,38.94655]},"properties":{"polled_at":"2026-10-03T11:25:14+00:00","region":"DC-PEPCO","outage_id":"38.9466,-77.0235","customers":4,"cause":"Under Evaluation","crew_status":"Pending","etr":"2026-10-03T14:00:00Z","wind_kmh":14.6,"gust_kmh":33.1,"precip_mm":0.4,"temp_c":14.9,"nws_alerts":"","dc_name":"QTS/CloudHQ Manassas corridor (Prince William)","dc_km":47.21,"dc_status":"construction","op_dc_name":null,"op_dc_km":null,"weather_flag":0,"dc_flag":0,"cause_category":"under investigation","planned_flag":0,"classification":"UNEXPLAINED FAIR-WEATHER","rationale":"no weather signal | nearest DC: QTS/CloudHQ Manassas corridor (Prince William) (47.2 km, construction)"}},{"type":"Feature","geometry":{"type":"Point","coordinates":[-77.02407,38.94729]},"properties":{"polled_at":"2026-10-03T11:25:14+00:00","region":"DC-PEPCO","outage_id":"38.9473,-77.0241","customers":4,"cause":"Under Evaluation","crew_status":"Pending","etr":"2026-10-03T14:00:00Z","wind_kmh":14.6,"gust_kmh":33.1,"precip_mm":0.4,"temp_c":14.9,"nws_alerts":"","dc_name":"QTS/CloudHQ Manassas corridor (Prince William)","dc_km":47.2,"dc_status":"construction","op_dc_name":null,"op_dc_km":null,"weather_flag":0,"dc_flag":0,"cause_category":"under investigation","planned_flag":0,"classification":"UNEXPLAINED FAIR-WEATHER","rationale":"no weather signal | nearest DC: QTS/CloudHQ Manassas corridor (Prince William) (47.2 km, construction)"}},{"type":"Feature","geometry":{"type":"Point","coordinates":[-77.06013,38.9226]},"properties":{"polled_at":"2026-10-03T11:25:14+00:00","region":"DC-PEPCO","outage_id":"38.9226,-77.0601","customers":149,"cause":"Under Evaluation","crew_status":"En Route","etr":"2026-10-03T13:00:00Z","wind_kmh":14.6,"gust_kmh":33.1,"precip_mm":0.4,"temp_c":14.9,"nws_alerts":"","dc_name":"QTS/CloudHQ Manassas corridor (Prince William)","dc_km":43.23,"dc_status":"construction","op_dc_name":null,"op_dc_km":null,"weather_flag":0,"dc_flag":0,"cause_category":"under investigation","planned_flag":0,"classification":"UNEXPLAINED FAIR-WEATHER","rationale":"no weather signal | nearest DC: QTS/CloudHQ Manassas corridor (Prince William) (43.2 km, construction)"}},{"type":"Feature","geometry":{"type":"Point","coordinates":[-76.9561,39.03263]},"properties":{"polled_at":"2026-10-03T11:25:14+00:00","region":"DC-PEPCO","outage_id":"39.0326,-76.9561","customers":4,"cause":"Under Evaluation","crew_status":"Pending","etr":"2026-10-03T13:00:00Z","wind_kmh":13.4,"gust_kmh":38.5,"precip_mm":0.7,"temp_c":15.1,"nws_alerts":"","dc_name":"QTS/CloudHQ Manassas corridor (Prince William)","dc_km":56.88,"dc_status":"construction","op_dc_name":null,"op_dc_km":null,"weather_flag":0,"dc_flag":0,"cause_category":"under investigation","planned_flag":0,"classification":"UNEXPLAINED FAIR-WEATHER","rationale":"no weather signal | nearest DC: QTS/CloudHQ Manassas corridor (Prince William) (56.9 km, construction)"}},{"type":"Feature","geometry":{"type":"Point","coordinates":[-77.01992,38.76718]},"properties":{"polled_at":"2026-10-03T11:25:14+00:00","region":"DC-PEPCO","outage_id":"38.7672,-77.0199","customers":5,"cause":"Under Evaluation","crew_status":"Pending","etr":"2026-10-03T15:00:00Z","wind_kmh":14.6,"gust_kmh":33.1,"precip_mm":0.4,"temp_c":14.9,"nws_alerts":"","dc_name":"QTS/CloudHQ Manassas corridor (Prince William)","dc_km":43.1,"dc_status":"construction","op_dc_name":null,"op_dc_km":null,"weather_flag":0,"dc_flag":0,"cause_category":"under investigation","planned_flag":0,"classification":"UNEXPLAINED FAIR-WEATHER","rationale":"no weather signal | nearest DC: QTS/CloudHQ Manassas corridor (Prince William) (43.1 km, construction)"}},{"type":"Feature","geometry":{"type":"Point","coordinates":[-76.92201,38.75927]},"properties":{"polled_at":"2026-10-03T11:25:14+00:00","region":"DC-PEPCO","outage_id":"38.7593,-76.922","customers":4,"cause":"Under Evaluation","crew_status":"Pending","etr":"2026-10-03T13:00:00Z","wind_kmh":14.8,"gust_kmh":40.3,"precip_mm":1.1,"temp_c":14.9,"nws_alerts":"","dc_name":"QTS/CloudHQ Manassas corridor (Prince William)","dc_km":51.59,"dc_status":"construction","op_dc_name":null,"op_dc_km":null,"weather_flag":0,"dc_flag":0,"cause_category":"under investigation","planned_flag":0,"classification":"UNEXPLAINED FAIR-WEATHER","rationale":"no weather signal | nearest DC: QTS/CloudHQ Manassas corridor (Prince William) (51.6 km, construction)"}},{"type":"Feature","geometry":{"type":"Point","coordinates":[-76.87553,38.75464]},"properties":{"polled_at":"2026-10-03T11:25:14+00:00","region":"DC-PEPCO","outage_id":"38.7546,-76.8755","customers":4,"cause":"Under Evaluation","crew_status":"Pending","etr":"2026-10-03T13:00:00Z","wind_kmh":14.8,"gust_kmh":40.3,"precip_mm":1.1,"temp_c":14.9,"nws_alerts":"","dc_name":"QTS/CloudHQ Manassas corridor (Prince William)","dc_km":55.63,"dc_status":"construction","op_dc_name":null,"op_dc_km":null,"weather_flag":0,"dc_flag":0,"cause_category":"under investigation","planned_flag":0,"classification":"UNEXPLAINED FAIR-WEATHER","rationale":"no weather signal | nearest DC: QTS/CloudHQ Manassas corridor (Prince William) (55.6 km, construction)"}},{"type":"Feature","geometry":{"type":"Point","coordinates":[-75.63272,39.67221]},"properties":{"polled_at":"2026-10-03T11:25:14+00:00","region":"DE-DELMARVA","outage_id":"13160149","customers":11,"cause":"Under Evaluation","crew_status":"Pending","etr":"2026-10-03T14:00:00Z","wind_kmh":12.0,"gust_kmh":38.5,"precip_mm":0.0,"temp_c":16.0,"nws_alerts":"","dc_name":"AWS Falls Twp / Keystone Trade Center (Bucks Co.)","dc_km":90.5,"dc_status":"construction","op_dc_name":null,"op_dc_km":null,"weather_flag":0,"dc_flag":0,"cause_category":"under investigation","planned_flag":0,"classification":"UNEXPLAINED FAIR-WEATHER","rationale":"no weather signal | nearest DC: AWS Falls Twp / Keystone Trade Center (Bucks Co.) (90.5 km, construction)"}},{"type":"Feature","geometry":{"type":"Point","coordinates":[-75.49067,39.81799]},"properties":{"polled_at":"2026-10-03T11:25:14+00:00","region":"DE-DELMARVA","outage_id":"13160187","customers":1,"cause":"Under Evaluation","crew_status":"Assigned","etr":"2026-10-03T14:00:00Z","wind_kmh":13.4,"gust_kmh":37.8,"precip_mm":0.0,"temp_c":15.3,"nws_alerts":"","dc_name":"AWS Falls Twp / Keystone Trade Center (Bucks Co.)","dc_km":71.55,"dc_status":"construction","op_dc_name":null,"op_dc_km":null,"weather_flag":0,"dc_flag":0,"cause_category":"under investigation","planned_flag":0,"classification":"UNEXPLAINED FAIR-WEATHER","rationale":"no weather signal | nearest DC: AWS Falls Twp / Keystone Trade Center (Bucks Co.) (71.5 km, construction)"}},{"type":"Feature","geometry":{"type":"Point","coordinates":[-75.86668,39.56429]},"properties":{"polled_at":"2026-10-03T11:25:14+00:00","region":"DE-DELMARVA","outage_id":"13160263","customers":10,"cause":"Under Evaluation","crew_status":"On Site","etr":"2026-10-03T13:00:00Z","wind_kmh":10.2,"gust_kmh":38.9,"precip_mm":0.4,"temp_c":16.0,"nws_alerts":"","dc_name":"AWS Falls Twp / Keystone Trade Center (Bucks Co.)","dc_km":113.81,"dc_status":"construction","op_dc_name":null,"op_dc_km":null,"weather_flag":0,"dc_flag":0,"cause_category":"under investigation","planned_flag":0,"classification":"UNEXPLAINED FAIR-WEATHER","rationale":"no weather signal | nearest DC: AWS Falls Twp / Keystone Trade Center (Bucks Co.) (113.8 km, construction)"}},{"type":"Feature","geometry":{"type":"Point","coordinates":[-75.64582,39.63861]},"properties":{"polled_at":"2026-10-03T11:25:14+00:00","region":"DE-DELMARVA","outage_id":"13160237","customers":1,"cause":"Under Evaluation","crew_status":"En Route","etr":"2026-10-03T14:00:00Z","wind_kmh":12.0,"gust_kmh":38.5,"precip_mm":0.0,"temp_c":16.0,"nws_alerts":"","dc_name":"AWS Falls Twp / Keystone Trade Center (Bucks Co.)","dc_km":93.59,"dc_status":"construction","op_dc_name":null,"op_dc_km":null,"weather_flag":0,"dc_flag":0,"cause_category":"under investigation","planned_flag":0,"classification":"UNEXPLAINED FAIR-WEATHER","rationale":"no weather signal | nearest DC: AWS Falls Twp / Keystone Trade Center (Bucks Co.) (93.6 km, construction)"}},{"type":"Feature","geometry":{"type":"Point","coordinates":[-75.7079,38.0531]},"properties":{"polled_at":"2026-10-03T11:25:14+00:00","region":"DE-DELMARVA","outage_id":"13160269","customers":2,"cause":"Under Evaluation","crew_status":"En Route","etr":"2026-10-03T22:00:00Z","wind_kmh":15.9,"gust_kmh":43.2,"precip_mm":0.0,"temp_c":19.1,"nws_alerts":"","dc_name":"QTS/CloudHQ Manassas corridor (Prince William)","dc_km":176.43,"dc_status":"construction","op_dc_name":null,"op_dc_km":null,"weather_flag":0,"dc_flag":0,"cause_category":"under investigation","planned_flag":0,"classification":"UNEXPLAINED FAIR-WEATHER","rationale":"no weather signal | nearest DC: QTS/CloudHQ Manassas corridor (Prince William) (176.4 km, construction)"}},{"type":"Feature","geometry":{"type":"Point","coordinates":[-74.92789,39.8103]},"properties":{"polled_at":"2026-10-03T11:25:14+00:00","region":"NJ-ACE","outage_id":"13160071","customers":1,"cause":"Under Evaluation","crew_status":"Assigned","etr":"2026-10-03T13:00:00Z","wind_kmh":11.5,"gust_kmh":36.4,"precip_mm":0.0,"temp_c":15.7,"nws_alerts":"","dc_name":"AWS Falls Twp / Keystone Trade Center (Bucks Co.)","dc_km":38.84,"dc_status":"construction","op_dc_name":null,"op_dc_km":null,"weather_flag":0,"dc_flag":0,"cause_category":"under investigation","planned_flag":0,"classification":"UNEXPLAINED FAIR-WEATHER","rationale":"no weather signal | nearest DC: AWS Falls Twp / Keystone Trade Center (Bucks Co.) (38.8 km, construction)"}},{"type":"Feature","geometry":{"type":"Point","coordinates":[-75.06163,39.75977]},"properties":{"polled_at":"2026-10-03T11:25:14+00:00","region":"NJ-ACE","outage_id":"13160314","customers":10,"cause":"Under Evaluation","crew_status":"En Route","etr":"2026-10-03T15:00:00Z","wind_kmh":9.4,"gust_kmh":31.3,"precip_mm":0.0,"temp_c":15.7,"nws_alerts":"","dc_name":"AWS Falls Twp / Keystone Trade Center (Bucks Co.)","dc_km":49.01,"dc_status":"construction","op_dc_name":null,"op_dc_km":null,"weather_flag":0,"dc_flag":0,"cause_category":"under investigation","planned_flag":0,"classification":"UNEXPLAINED FAIR-WEATHER","rationale":"no weather signal | nearest DC: AWS Falls Twp / Keystone Trade Center (Bucks Co.) (49.0 km, construction)"}},{"type":"Feature","geometry":{"type":"Point","coordinates":[-75.06182,39.75907]},"properties":{"polled_at":"2026-10-03T11:25:14+00:00","region":"NJ-ACE","outage_id":"13160317","customers":1,"cause":"Under Evaluation","crew_status":"Pending","etr":"2026-10-03T14:00:00Z","wind_kmh":9.4,"gust_kmh":31.3,"precip_mm":0.0,"temp_c":15.7,"nws_alerts":"","dc_name":"AWS Falls Twp / Keystone Trade Center (Bucks Co.)","dc_km":49.09,"dc_status":"construction","op_dc_name":null,"op_dc_km":null,"weather_flag":0,"dc_flag":0,"cause_category":"under investigation","planned_flag":0,"classification":"UNEXPLAINED FAIR-WEATHER","rationale":"no weather signal | nearest DC: AWS Falls Twp / Keystone Trade Center (Bucks Co.) (49.1 km, construction)"}},{"type":"Feature","geometry":{"type":"Point","coordinates":[-75.0121,39.76864]},"properties":{"polled_at":"2026-10-03T11:25:14+00:00","region":"NJ-ACE","outage_id":"13160186","customers":1,"cause":"Under Evaluation","crew_status":"Assigned","etr":"2026-10-03T13:00:00Z","wind_kmh":9.4,"gust_kmh":31.3,"precip_mm":0.0,"temp_c":15.7,"nws_alerts":"","dc_name":"AWS Falls Twp / Keystone Trade Center (Bucks Co.)","dc_km":46.06,"dc_status":"construction","op_dc_name":null,"op_dc_km":null,"weather_flag":0,"dc_flag":0,"cause_category":"under investigation","planned_flag":0,"classification":"UNEXPLAINED FAIR-WEATHER","rationale":"no weather signal | nearest DC: AWS Falls Twp / Keystone Trade Center (Bucks Co.) (46.1 km, construction)"}},{"type":"Feature","geometry":{"type":"Point","coordinates":[-74.60549,39.3307]},"properties":{"polled_at":"2026-10-03T11:25:14+00:00","region":"NJ-ACE","outage_id":"13160321","customers":113,"cause":"Under Evaluation","crew_status":"Pending","etr":"2026-10-03T13:00:00Z","wind_kmh":11.5,"gust_kmh":30.2,"precip_mm":0.0,"temp_c":16.9,"nws_alerts":"","dc_name":"AWS Falls Twp / Keystone Trade Center (Bucks Co.)","dc_km":90.4,"dc_status":"construction","op_dc_name":null,"op_dc_km":null,"weather_flag":0,"dc_flag":0,"cause_category":"under investigation","planned_flag":0,"classification":"UNEXPLAINED FAIR-WEATHER","rationale":"no weather signal | nearest DC: AWS Falls Twp / Keystone Trade Center (Bucks Co.) (90.4 km, construction)"}},{"type":"Feature","geometry":{"type":"Point","coordinates":[-74.63564,39.22793]},"properties":{"polled_at":"2026-10-03T11:25:14+00:00","region":"NJ-ACE","outage_id":"13160171","customers":1,"cause":"Under Evaluation","crew_status":"Pending","etr":"2026-10-03T13:00:00Z","wind_kmh":31.7,"gust_kmh":42.8,"precip_mm":0.0,"temp_c":18.9,"nws_alerts":"","dc_name":"AWS Falls Twp / Keystone Trade Center (Bucks Co.)","dc_km":101.42,"dc_status":"construction","op_dc_name":null,"op_dc_km":null,"weather_flag":0,"dc_flag":0,"cause_category":"under investigation","planned_flag":0,"classification":"UNEXPLAINED FAIR-WEATHER","rationale":"no weather signal | nearest DC: AWS Falls Twp / Keystone Trade Center (Bucks Co.) (101.4 km, construction)"}},{"type":"Feature","geometry":{"type":"Point","coordinates":[-74.82973,39.07383]},"properties":{"polled_at":"2026-10-03T11:25:14+00:00","region":"NJ-ACE","outage_id":"13160277","customers":1,"cause":"Under Evaluation","crew_status":"Pending","etr":"2026-10-03T13:00:00Z","wind_kmh":14.1,"gust_kmh":40.3,"precip_mm":0.0,"temp_c":17.2,"nws_alerts":"","dc_name":"AWS Falls Twp / Keystone Trade Center (Bucks Co.)","dc_km":118.15,"dc_status":"construction","op_dc_name":null,"op_dc_km":null,"weather_flag":0,"dc_flag":0,"cause_category":"under investigation","planned_flag":0,"classification":"UNEXPLAINED FAIR-WEATHER","rationale":"no weather signal | nearest DC: AWS Falls Twp / Keystone Trade Center (Bucks Co.) (118.1 km, construction)"}},{"type":"Feature","geometry":{"type":"Point","coordinates":[-74.29806,39.65543]},"properties":{"polled_at":"2026-10-03T11:25:14+00:00","region":"NJ-ACE","outage_id":"13160318","customers":1,"cause":"Under Evaluation","crew_status":"Pending","etr":"2026-10-03T14:00:00Z","wind_kmh":11.7,"gust_kmh":35.3,"precip_mm":0.0,"temp_c":16.7,"nws_alerts":"","dc_name":"AWS Falls Twp / Keystone Trade Center (Bucks Co.)","dc_km":66.31,"dc_status":"construction","op_dc_name":null,"op_dc_km":null,"weather_flag":0,"dc_flag":0,"cause_category":"under investigation","planned_flag":0,"classification":"UNEXPLAINED FAIR-WEATHER","rationale":"no weather signal | nearest DC: AWS Falls Twp / Keystone Trade Center (Bucks Co.) (66.3 km, construction)"}},{"type":"Feature","geometry":{"type":"Point","coordinates":[-74.37779,39.57706]},"properties":{"polled_at":"2026-10-03T11:25:14+00:00","region":"NJ-ACE","outage_id":"13160245","customers":1,"cause":"Under Evaluation","crew_status":"Pending","etr":"2026-10-03T14:00:00Z","wind_kmh":11.7,"gust_kmh":35.3,"precip_mm":0.0,"temp_c":16.7,"nws_alerts":"","dc_name":"AWS Falls Twp / Keystone Trade Center (Bucks Co.)","dc_km":70.1,"dc_status":"construction","op_dc_name":null,"op_dc_km":null,"weather_flag":0,"dc_flag":0,"cause_category":"under investigation","planned_flag":0,"classification":"UNEXPLAINED FAIR-WEATHER","rationale":"no weather signal | nearest DC: AWS Falls Twp / Keystone Trade Center (Bucks Co.) (70.1 km, construction)"}},{"type":"Feature","geometry":{"type":"Point","coordinates":[-74.43847,39.36819]},"properties":{"polled_at":"2026-10-03T11:25:14+00:00","region":"NJ-ACE","outage_id":"13159955","customers":1,"cause":"Under Evaluation","crew_status":"Assigned","etr":"2026-10-03T14:00:00Z","wind_kmh":15.8,"gust_kmh":38.5,"precip_mm":0.0,"temp_c":16.7,"nws_alerts":"","dc_name":"AWS Falls Twp / Keystone Trade Center (Bucks Co.)","dc_km":89.59,"dc_status":"construction","op_dc_name":null,"op_dc_km":null,"weather_flag":0,"dc_flag":0,"cause_category":"under investigation","planned_flag":0,"classification":"UNEXPLAINED FAIR-WEATHER","rationale":"no weather signal | nearest DC: AWS Falls Twp / Keystone Trade Center (Bucks Co.) (89.6 km, construction)"}},{"type":"Feature","geometry":{"type":"Point","coordinates":[-82.51541,38.38031]},"properties":{"polled_at":"2026-10-03T11:25:14+00:00","region":"VAWV-APCO","outage_id":"4351971","customers":4,"cause":"EQUIPMENT RELATED","crew_status":"Assessing","etr":"2026-10-03T16:00:00Z","wind_kmh":12.4,"gust_kmh":34.9,"precip_mm":0.0,"temp_c":14.6,"nws_alerts":"","dc_name":"TeraWulf 'Muskie' EastPark (Boyd Co. KY)","dc_km":18.84,"dc_status":"announced","op_dc_name":null,"op_dc_km":null,"weather_flag":0,"dc_flag":0,"cause_category":"equipment","planned_flag":0,"classification":"UNEXPLAINED FAIR-WEATHER","rationale":"no weather signal | nearest DC: TeraWulf 'Muskie' EastPark (Boyd Co. KY) (18.8 km, announced)"}},{"type":"Feature","geometry":{"type":"Point","coordinates":[-81.89018,38.63965]},"properties":{"polled_at":"2026-10-03T11:25:14+00:00","region":"VAWV-APCO","outage_id":"4351891","customers":4,"cause":"","crew_status":"Assessing","etr":"2026-10-03T16:00:00Z","wind_kmh":14.2,"gust_kmh":37.4,"precip_mm":0.0,"temp_c":14.6,"nws_alerts":"","dc_name":"Monarch Compute Campus / Mountaineer GigaSystem (Point Pleasant, Mason Co.)","dc_km":37.47,"dc_status":"construction","op_dc_name":null,"op_dc_km":null,"weather_flag":0,"dc_flag":0,"cause_category":"not reported","planned_flag":0,"classification":"UNEXPLAINED FAIR-WEATHER","rationale":"no weather signal | nearest DC: Monarch Compute Campus / Mountaineer GigaSystem (Point Pleasant, Mason Co.) (37.5 km, construction)"}},{"type":"Feature","geometry":{"type":"Point","coordinates":[-82.04967,38.4243]},"properties":{"polled_at":"2026-10-03T11:25:14+00:00","region":"VAWV-APCO","outage_id":"4352441","customers":12,"cause":"","crew_status":"Assessing","etr":"2026-10-03T17:30:00Z","wind_kmh":12.1,"gust_kmh":35.3,"precip_mm":0.0,"temp_c":14.6,"nws_alerts":"","dc_name":"Monarch Compute Campus / Mountaineer GigaSystem (Point Pleasant, Mason Co.)","dc_km":55.56,"dc_status":"construction","op_dc_name":null,"op_dc_km":null,"weather_flag":0,"dc_flag":0,"cause_category":"not reported","planned_flag":0,"classification":"UNEXPLAINED FAIR-WEATHER","rationale":"no weather signal | nearest DC: Monarch Compute Campus / Mountaineer GigaSystem (Point Pleasant, Mason Co.) (55.6 km, construction)"}},{"type":"Feature","geometry":{"type":"Point","coordinates":[-82.03308,38.38171]},"properties":{"polled_at":"2026-10-03T11:25:14+00:00","region":"VAWV-APCO","outage_id":"4352281","customers":17,"cause":"TREE CONTACT","crew_status":"Assessing","etr":"2026-10-03T14:30:00Z","wind_kmh":12.1,"gust_kmh":35.3,"precip_mm":0.0,"temp_c":14.6,"nws_alerts":"","dc_name":"Monarch Compute Campus / Mountaineer GigaSystem (Point Pleasant, Mason Co.)","dc_km":60.44,"dc_status":"construction","op_dc_name":null,"op_dc_km":null,"weather_flag":1,"dc_flag":0,"cause_category":"vegetation / tree","planned_flag":0,"classification":"WEATHER-LIKELY","rationale":"utility cause='TREE CONTACT' | nearest DC: Monarch Compute Campus / Mountaineer GigaSystem (Point Pleasant, Mason Co.) (60.4 km, construction)"}},{"type":"Feature","geometry":{"type":"Point","coordinates":[-82.5163,36.87764]},"properties":{"polled_at":"2026-10-03T11:25:14+00:00","region":"VAWV-APCO","outage_id":"4352411","customers":4,"cause":"","crew_status":"Assessing","etr":"2026-10-03T16:30:00Z","wind_kmh":10.5,"gust_kmh":13.7,"precip_mm":0.4,"temp_c":15.0,"nws_alerts":"","dc_name":"TeraWulf 'Muskie' EastPark (Boyd Co. KY)","dc_km":165.9,"dc_status":"announced","op_dc_name":null,"op_dc_km":null,"weather_flag":0,"dc_flag":0,"cause_category":"not reported","planned_flag":0,"classification":"UNEXPLAINED FAIR-WEATHER","rationale":"no weather signal | nearest DC: TeraWulf 'Muskie' EastPark (Boyd Co. KY) (165.9 km, announced)"}},{"type":"Feature","geometry":{"type":"Point","coordinates":[-82.49031,36.70572]},"properties":{"polled_at":"2026-10-03T11:25:14+00:00","region":"VAWV-APCO","outage_id":"4352091","customers":13,"cause":"","crew_status":"Working","etr":"2026-10-03T15:00:00Z","wind_kmh":10.1,"gust_kmh":19.4,"precip_mm":10.1,"temp_c":18.6,"nws_alerts":"","dc_name":"Microsoft Catawba Co. sites (Conover/Maiden)","dc_km":159.18,"dc_status":"construction","op_dc_name":null,"op_dc_km":null,"weather_flag":1,"dc_flag":0,"cause_category":"not reported","planned_flag":0,"classification":"WEATHER-LIKELY","rationale":"precip 10.1 mm/h | nearest DC: Microsoft Catawba Co. sites (Conover/Maiden) (159.2 km, construction)"}},{"type":"Feature","geometry":{"type":"Point","coordinates":[-82.39842,36.61998]},"properties":{"polled_at":"2026-10-03T11:25:14+00:00","region":"VAWV-APCO","outage_id":"4352331","customers":4,"cause":"","crew_status":"Assessing","etr":"2026-10-03T16:30:00Z","wind_kmh":10.1,"gust_kmh":19.4,"precip_mm":10.1,"temp_c":18.6,"nws_alerts":"","dc_name":"Microsoft Catawba Co. sites (Conover/Maiden)","dc_km":146.67,"dc_status":"construction","op_dc_name":null,"op_dc_km":null,"weather_flag":1,"dc_flag":0,"cause_category":"not reported","planned_flag":0,"classification":"WEATHER-LIKELY","rationale":"precip 10.1 mm/h | nearest DC: Microsoft Catawba Co. sites (Conover/Maiden) (146.7 km, construction)"}},{"type":"Feature","geometry":{"type":"Point","coordinates":[-82.57758,36.562]},"properties":{"polled_at":"2026-10-03T11:25:14+00:00","region":"VAWV-APCO","outage_id":"4352431","customers":4,"cause":"","crew_status":"Assessing","etr":"2026-10-03T17:30:00Z","wind_kmh":6.2,"gust_kmh":14.8,"precip_mm":0.0,"temp_c":19.5,"nws_alerts":"","dc_name":"Microsoft Catawba Co. sites (Conover/Maiden)","dc_km":154.67,"dc_status":"construction","op_dc_name":null,"op_dc_km":null,"weather_flag":0,"dc_flag":0,"cause_category":"not reported","planned_flag":0,"classification":"UNEXPLAINED FAIR-WEATHER","rationale":"no weather signal | nearest DC: Microsoft Catawba Co. sites (Conover/Maiden) (154.7 km, construction)"}},{"type":"Feature","geometry":{"type":"Point","coordinates":[-82.54505,36.55001]},"properties":{"polled_at":"2026-10-03T11:25:14+00:00","region":"VAWV-APCO","outage_id":"4352381","customers":28,"cause":"","crew_status":"Assessing","etr":"2026-10-03T16:00:00Z","wind_kmh":6.2,"gust_kmh":14.8,"precip_mm":0.0,"temp_c":19.5,"nws_alerts":"","dc_name":"Microsoft Catawba Co. sites (Conover/Maiden)","dc_km":151.56,"dc_status":"construction","op_dc_name":null,"op_dc_km":null,"weather_flag":0,"dc_flag":0,"cause_category":"not reported","planned_flag":0,"classification":"UNEXPLAINED FAIR-WEATHER","rationale":"no weather signal | nearest DC: Microsoft Catawba Co. sites (Conover/Maiden) (151.6 km, construction)"}},{"type":"Feature","geometry":{"type":"Point","coordinates":[-82.38979,36.56964]},"properties":{"polled_at":"2026-10-03T11:25:14+00:00","region":"VAWV-APCO","outage_id":"4352421","customers":7,"cause":"","crew_status":"Assessing","etr":"2026-10-03T17:00:00Z","wind_kmh":10.1,"gust_kmh":19.4,"precip_mm":10.1,"temp_c":18.6,"nws_alerts":"","dc_name":"Microsoft Catawba Co. sites (Conover/Maiden)","dc_km":142.31,"dc_status":"construction","op_dc_name":null,"op_dc_km":null,"weather_flag":1,"dc_flag":0,"cause_category":"not reported","planned_flag":0,"classification":"WEATHER-LIKELY","rationale":"precip 10.1 mm/h | nearest DC: Microsoft Catawba Co. sites (Conover/Maiden) (142.3 km, construction)"}},{"type":"Feature","geometry":{"type":"Point","coordinates":[-80.5875,37.93199]},"properties":{"polled_at":"2026-10-03T11:25:14+00:00","region":"VAWV-APCO","outage_id":"4352131","customers":19,"cause":"TREE CONTACT","crew_status":"Assessing","etr":"2026-10-03T17:30:35Z","wind_kmh":7.0,"gust_kmh":10.4,"precip_mm":3.6,"temp_c":17.2,"nws_alerts":"","dc_name":"Monarch Compute Campus / Mountaineer GigaSystem (Point Pleasant, Mason Co.)","dc_km":173.56,"dc_status":"construction","op_dc_name":null,"op_dc_km":null,"weather_flag":1,"dc_flag":0,"cause_category":"vegetation / tree","planned_flag":0,"classification":"WEATHER-LIKELY","rationale":"precip 3.6 mm/h; utility cause='TREE CONTACT' | nearest DC: Monarch Compute Campus / Mountaineer GigaSystem (Point Pleasant, Mason Co.) (173.6 km, construction)"}},{"type":"Feature","geometry":{"type":"Point","coordinates":[-81.558,37.09896]},"properties":{"polled_at":"2026-10-03T11:25:14+00:00","region":"VAWV-APCO","outage_id":"4352371","customers":4,"cause":"","crew_status":"Working","etr":"2026-10-03T17:00:25Z","wind_kmh":4.8,"gust_kmh":12.6,"precip_mm":2.5,"temp_c":17.2,"nws_alerts":"","dc_name":"Microsoft Catawba Co. sites (Conover/Maiden)","dc_km":157.63,"dc_status":"construction","op_dc_name":null,"op_dc_km":null,"weather_flag":1,"dc_flag":0,"cause_category":"not reported","planned_flag":0,"classification":"WEATHER-LIKELY","rationale":"precip 2.5 mm/h | nearest DC: Microsoft Catawba Co. sites (Conover/Maiden) (157.6 km, construction)"}},{"type":"Feature","geometry":{"type":"Point","coordinates":[-81.13278,37.09641]},"properties":{"polled_at":"2026-10-03T11:25:14+00:00","region":"VAWV-APCO","outage_id":"4352351","customers":4,"cause":"TREE CONTACT","crew_status":"Assessing","etr":"2026-10-03T15:00:00Z","wind_kmh":1.1,"gust_kmh":12.6,"precip_mm":0.7,"temp_c":17.7,"nws_alerts":"","dc_name":"Microsoft Catawba Co. sites (Conover/Maiden)","dc_km":154.57,"dc_status":"construction","op_dc_name":null,"op_dc_km":null,"weather_flag":1,"dc_flag":0,"cause_category":"vegetation / tree","planned_flag":0,"classification":"WEATHER-LIKELY","rationale":"utility cause='TREE CONTACT' | nearest DC: Microsoft Catawba Co. sites (Conover/Maiden) (154.6 km, construction)"}},{"type":"Feature","geometry":{"type":"Point","coordinates":[-79.9262,37.23552]},"properties":{"polled_at":"2026-10-03T11:25:14+00:00","region":"VAWV-APCO","outage_id":"4352221","customers":26,"cause":"VEHICLE ACCIDENT","crew_status":"Assessing","etr":"2026-10-03T16:00:00Z","wind_kmh":12.2,"gust_kmh":30.2,"precip_mm":0.4,"temp_c":19.5,"nws_alerts":"","dc_name":"Microsoft Catawba Co. sites (Conover/Maiden)","dc_km":205.4,"dc_status":"construction","op_dc_name":null,"op_dc_km":null,"weather_flag":0,"dc_flag":0,"cause_category":"vehicle / dig-in","planned_flag":0,"classification":"UNEXPLAINED FAIR-WEATHER","rationale":"no weather signal | nearest DC: Microsoft Catawba Co. sites (Conover/Maiden) (205.4 km, construction)"}},{"type":"Feature","geometry":{"type":"Point","coordinates":[-75.10534,39.93481]},"properties":{"polled_at":"2026-10-03T11:25:14+00:00","region":"NJ-PSEG","outage_id":"OMS-10022026-01030","customers":22,"cause":"Under Investigation","crew_status":"","etr":"ETR-NULL","wind_kmh":9.4,"gust_kmh":31.3,"precip_mm":0.0,"temp_c":15.7,"nws_alerts":"","dc_name":"AWS Falls Twp / Keystone Trade Center (Bucks Co.)","dc_km":36.88,"dc_status":"construction","op_dc_name":null,"op_dc_km":null,"weather_flag":0,"dc_flag":0,"cause_category":"under investigation","planned_flag":0,"classification":"UNEXPLAINED FAIR-WEATHER","rationale":"no weather signal | nearest DC: AWS Falls Twp / Keystone Trade Center (Bucks Co.) (36.9 km, construction)"}},{"type":"Feature","geometry":{"type":"Point","coordinates":[-74.88083,39.97635]},"properties":{"polled_at":"2026-10-03T11:25:14+00:00","region":"NJ-PSEG","outage_id":"OMS-10022026-01211","customers":17,"cause":"","crew_status":"Dispatched","etr":"2026-10-03T14:00:00Z","wind_kmh":11.5,"gust_kmh":36.4,"precip_mm":0.0,"temp_c":15.7,"nws_alerts":"","dc_name":"AWS Falls Twp / Keystone Trade Center (Bucks Co.)","dc_km":20.42,"dc_status":"construction","op_dc_name":null,"op_dc_km":null,"weather_flag":0,"dc_flag":0,"cause_category":"not reported","planned_flag":0,"classification":"UNEXPLAINED FAIR-WEATHER","rationale":"no weather signal | nearest DC: AWS Falls Twp / Keystone Trade Center (Bucks Co.) (20.4 km, construction)"}},{"type":"Feature","geometry":{"type":"Point","coordinates":[-74.71128,39.9746]},"properties":{"polled_at":"2026-10-03T11:25:14+00:00","region":"NJ-PSEG","outage_id":"OMS-10022026-01128","customers":4,"cause":"Under Investigation","crew_status":"Acknowledged","etr":"ETR-NULL","wind_kmh":10.5,"gust_kmh":25.9,"precip_mm":0.0,"temp_c":16.2,"nws_alerts":"","dc_name":"AWS Falls Twp / Keystone Trade Center (Bucks Co.)","dc_km":18.31,"dc_status":"construction","op_dc_name":null,"op_dc_km":null,"weather_flag":0,"dc_flag":0,"cause_category":"under investigation","planned_flag":0,"classification":"UNEXPLAINED FAIR-WEATHER","rationale":"no weather signal | nearest DC: AWS Falls Twp / Keystone Trade Center (Bucks Co.) (18.3 km, construction)"}},{"type":"Feature","geometry":{"type":"Point","coordinates":[-74.00917,41.03211]},"properties":{"polled_at":"2026-10-03T11:25:14+00:00","region":"NJ-PSEG","outage_id":"OMS-10022026-00776","customers":4,"cause":"Under Investigation","crew_status":"A crew is currently working to restore service.","etr":"ETR-EXP","wind_kmh":13.7,"gust_kmh":31.3,"precip_mm":0.0,"temp_c":13.0,"nws_alerts":"","dc_name":"AWS Falls Twp / Keystone Trade Center (Bucks Co.)","dc_km":118.2,"dc_status":"construction","op_dc_name":null,"op_dc_km":null,"weather_flag":0,"dc_flag":0,"cause_category":"under investigation","planned_flag":0,"classification":"UNEXPLAINED FAIR-WEATHER","rationale":"no weather signal | nearest DC: AWS Falls Twp / Keystone Trade Center (Bucks Co.) (118.2 km, construction)"}},{"type":"Feature","geometry":{"type":"Point","coordinates":[-74.21807,40.83412]},"properties":{"polled_at":"2026-10-03T11:25:14+00:00","region":"NJ-PSEG","outage_id":"OMS-10032026-00083","customers":4,"cause":"Under Investigation","crew_status":"Dispatched","etr":"2026-10-03T14:00:00Z","wind_kmh":9.7,"gust_kmh":27.4,"precip_mm":0.0,"temp_c":13.9,"nws_alerts":"","dc_name":"AWS Falls Twp / Keystone Trade Center (Bucks Co.)","dc_km":90.24,"dc_status":"construction","op_dc_name":null,"op_dc_km":null,"weather_flag":0,"dc_flag":0,"cause_category":"under investigation","planned_flag":0,"classification":"UNEXPLAINED FAIR-WEATHER","rationale":"no weather signal | nearest DC: AWS Falls Twp / Keystone Trade Center (Bucks Co.) (90.2 km, construction)"}},{"type":"Feature","geometry":{"type":"Point","coordinates":[-74.2198,40.77771]},"properties":{"polled_at":"2026-10-03T11:25:14+00:00","region":"NJ-PSEG","outage_id":"OMS-10032026-00095","customers":4,"cause":"Under Investigation","crew_status":"A crew has been dispatched and is currently enroute to the outage location.","etr":"2026-10-03T13:30:00Z","wind_kmh":9.7,"gust_kmh":27.4,"precip_mm":0.0,"temp_c":13.9,"nws_alerts":"","dc_name":"AWS Falls Twp / Keystone Trade Center (Bucks Co.)","dc_km":84.83,"dc_status":"construction","op_dc_name":null,"op_dc_km":null,"weather_flag":0,"dc_flag":0,"cause_category":"under investigation","planned_flag":0,"classification":"UNEXPLAINED FAIR-WEATHER","rationale":"no weather signal | nearest DC: AWS Falls Twp / Keystone Trade Center (Bucks Co.) (84.8 km, construction)"}},{"type":"Feature","geometry":{"type":"Point","coordinates":[-74.23746,40.73293]},"properties":{"polled_at":"2026-10-03T11:25:14+00:00","region":"NJ-PSEG","outage_id":"OMS-10032026-00002","customers":4,"cause":"Under Investigation","crew_status":"Acknowledged","etr":"2026-10-03T14:30:00Z","wind_kmh":14.1,"gust_kmh":36.0,"precip_mm":0.0,"temp_c":14.4,"nws_alerts":"","dc_name":"AWS Falls Twp / Keystone Trade Center (Bucks Co.)","dc_km":79.85,"dc_status":"construction","op_dc_name":null,"op_dc_km":null,"weather_flag":0,"dc_flag":0,"cause_category":"under investigation","planned_flag":0,"classification":"UNEXPLAINED FAIR-WEATHER","rationale":"no weather signal | nearest DC: AWS Falls Twp / Keystone Trade Center (Bucks Co.) (79.9 km, construction)"}},{"type":"Feature","geometry":{"type":"Point","coordinates":[-74.18451,40.72764]},"properties":{"polled_at":"2026-10-03T11:25:14+00:00","region":"NJ-PSEG","outage_id":"OMS-10022026-01253","customers":4,"cause":"Under Investigation","crew_status":"","etr":"2026-10-03T14:30:00Z","wind_kmh":14.1,"gust_kmh":36.0,"precip_mm":0.0,"temp_c":14.4,"nws_alerts":"","dc_name":"AWS Falls Twp / Keystone Trade Center (Bucks Co.)","dc_km":81.95,"dc_status":"construction","op_dc_name":null,"op_dc_km":null,"weather_flag":0,"dc_flag":0,"cause_category":"under investigation","planned_flag":0,"classification":"UNEXPLAINED FAIR-WEATHER","rationale":"no weather signal | nearest DC: AWS Falls Twp / Keystone Trade Center (Bucks Co.) (81.9 km, construction)"}},{"type":"Feature","geometry":{"type":"Point","coordinates":[-74.1194,40.97687]},"properties":{"polled_at":"2026-10-03T11:25:14+00:00","region":"NJ-PSEG","outage_id":"OMS-10022026-00644","customers":4,"cause":"Under Investigation","crew_status":"","etr":"ETR-EXP","wind_kmh":9.7,"gust_kmh":27.4,"precip_mm":0.0,"temp_c":13.9,"nws_alerts":"","dc_name":"AWS Falls Twp / Keystone Trade Center (Bucks Co.)","dc_km":108.13,"dc_status":"construction","op_dc_name":null,"op_dc_km":null,"weather_flag":0,"dc_flag":0,"cause_category":"under investigation","planned_flag":0,"classification":"UNEXPLAINED FAIR-WEATHER","rationale":"no weather signal | nearest DC: AWS Falls Twp / Keystone Trade Center (Bucks Co.) (108.1 km, construction)"}},{"type":"Feature","geometry":{"type":"Point","coordinates":[-74.1468,40.835]},"properties":{"polled_at":"2026-10-03T11:25:14+00:00","region":"NJ-PSEG","outage_id":"OMS-10012026-00569","customers":4,"cause":"Under Investigation","crew_status":"Dispatched","etr":"ETR-EXP","wind_kmh":9.7,"gust_kmh":27.4,"precip_mm":0.0,"temp_c":13.9,"nws_alerts":"","dc_name":"AWS Falls Twp / Keystone Trade Center (Bucks Co.)","dc_km":93.53,"dc_status":"construction","op_dc_name":null,"op_dc_km":null,"weather_flag":0,"dc_flag":0,"cause_category":"under investigation","planned_flag":0,"classification":"UNEXPLAINED FAIR-WEATHER","rationale":"no weather signal | nearest DC: AWS Falls Twp / Keystone Trade Center (Bucks Co.) (93.5 km, construction)"}},{"type":"Feature","geometry":{"type":"Point","coordinates":[-74.10826,40.81915]},"properties":{"polled_at":"2026-10-03T11:25:14+00:00","region":"NJ-PSEG","outage_id":"OMS-10032026-00103","customers":1039,"cause":"Under Investigation","crew_status":"Dispatched","etr":"2026-10-03T14:00:00Z","wind_kmh":9.7,"gust_kmh":27.4,"precip_mm":0.0,"temp_c":13.9,"nws_alerts":"","dc_name":"AWS Falls Twp / Keystone Trade Center (Bucks Co.)","dc_km":93.95,"dc_status":"construction","op_dc_name":null,"op_dc_km":null,"weather_flag":0,"dc_flag":0,"cause_category":"under investigation","planned_flag":0,"classification":"UNEXPLAINED FAIR-WEATHER","rationale":"no weather signal | nearest DC: AWS Falls Twp / Keystone Trade Center (Bucks Co.) (93.9 km, construction)"}},{"type":"Feature","geometry":{"type":"Point","coordinates":[-74.10375,40.82304]},"properties":{"polled_at":"2026-10-03T11:25:14+00:00","region":"NJ-PSEG","outage_id":"OMS-10032026-00112","customers":17,"cause":"Under Investigation","crew_status":"","etr":"2026-10-03T15:30:00Z","wind_kmh":9.7,"gust_kmh":27.4,"precip_mm":0.0,"temp_c":13.9,"nws_alerts":"","dc_name":"AWS Falls Twp / Keystone Trade Center (Bucks Co.)","dc_km":94.52,"dc_status":"construction","op_dc_name":null,"op_dc_km":null,"weather_flag":0,"dc_flag":0,"cause_category":"under investigation","planned_flag":0,"classification":"UNEXPLAINED FAIR-WEATHER","rationale":"no weather signal | nearest DC: AWS Falls Twp / Keystone Trade Center (Bucks Co.) (94.5 km, construction)"}},{"type":"Feature","geometry":{"type":"Point","coordinates":[-74.04696,40.75456]},"properties":{"polled_at":"2026-10-03T11:25:14+00:00","region":"NJ-PSEG","outage_id":"OMS-10022026-01249","customers":4,"cause":"Under Investigation","crew_status":"Dispatched","etr":"ETR-NULL","wind_kmh":9.7,"gust_kmh":27.4,"precip_mm":0.0,"temp_c":13.9,"nws_alerts":"","dc_name":"AWS Falls Twp / Keystone Trade Center (Bucks Co.)","dc_km":91.58,"dc_status":"construction","op_dc_name":null,"op_dc_km":null,"weather_flag":0,"dc_flag":0,"cause_category":"under investigation","planned_flag":0,"classification":"UNEXPLAINED FAIR-WEATHER","rationale":"no weather signal | nearest DC: AWS Falls Twp / Keystone Trade Center (Bucks Co.) (91.6 km, construction)"}},{"type":"Feature","geometry":{"type":"Point","coordinates":[-74.42932,40.6059]},"properties":{"polled_at":"2026-10-03T11:25:14+00:00","region":"NJ-PSEG","outage_id":"OMS-10022026-00796","customers":4,"cause":"Overhead wire failure","crew_status":"Cleared","etr":"ETR-NULL","wind_kmh":14.2,"gust_kmh":30.6,"precip_mm":0.0,"temp_c":14.3,"nws_alerts":"","dc_name":"AWS Falls Twp / Keystone Trade Center (Bucks Co.)","dc_km":59.38,"dc_status":"construction","op_dc_name":null,"op_dc_km":null,"weather_flag":0,"dc_flag":0,"cause_category":"other","planned_flag":0,"classification":"UNEXPLAINED FAIR-WEATHER","rationale":"no weather signal | nearest DC: AWS Falls Twp / Keystone Trade Center (Bucks Co.) (59.4 km, construction)"}},{"type":"Feature","geometry":{"type":"Point","coordinates":[-74.20948,40.67716]},"properties":{"polled_at":"2026-10-03T11:25:14+00:00","region":"NJ-PSEG","outage_id":"OMS-10022026-00975","customers":4,"cause":"Under Investigation","crew_status":"Dispatched","etr":"ETR-NULL","wind_kmh":14.1,"gust_kmh":36.0,"precip_mm":0.0,"temp_c":14.4,"nws_alerts":"","dc_name":"AWS Falls Twp / Keystone Trade Center (Bucks Co.)","dc_km":76.2,"dc_status":"construction","op_dc_name":null,"op_dc_km":null,"weather_flag":0,"dc_flag":0,"cause_category":"under investigation","planned_flag":0,"classification":"UNEXPLAINED FAIR-WEATHER","rationale":"no weather signal | nearest DC: AWS Falls Twp / Keystone Trade Center (Bucks Co.) (76.2 km, construction)"}},{"type":"Feature","geometry":{"type":"Point","coordinates":[-74.19923,40.66698]},"properties":{"polled_at":"2026-10-03T11:25:14+00:00","region":"NJ-PSEG","outage_id":"OMS-10022026-01029","customers":4,"cause":"Under Investigation","crew_status":"Dispatched","etr":"ETR-NULL","wind_kmh":14.1,"gust_kmh":36.0,"precip_mm":0.0,"temp_c":14.4,"nws_alerts":"","dc_name":"AWS Falls Twp / Keystone Trade Center (Bucks Co.)","dc_km":75.85,"dc_status":"construction","op_dc_name":null,"op_dc_km":null,"weather_flag":0,"dc_flag":0,"cause_category":"under investigation","planned_flag":0,"classification":"UNEXPLAINED FAIR-WEATHER","rationale":"no weather signal | nearest DC: AWS Falls Twp / Keystone Trade Center (Bucks Co.) (75.9 km, construction)"}},{"type":"Feature","geometry":{"type":"Point","coordinates":[-74.26806,40.64013]},"properties":{"polled_at":"2026-10-03T11:25:14+00:00","region":"NJ-PSEG","outage_id":"OMS-10032026-00098","customers":4,"cause":"Under Investigation","crew_status":"Dispatched","etr":"2026-10-03T16:00:00Z","wind_kmh":14.2,"gust_kmh":30.6,"precip_mm":0.0,"temp_c":14.3,"nws_alerts":"","dc_name":"AWS Falls Twp / Keystone Trade Center (Bucks Co.)","dc_km":69.93,"dc_status":"construction","op_dc_name":null,"op_dc_km":null,"weather_flag":0,"dc_flag":0,"cause_category":"under investigation","planned_flag":0,"classification":"UNEXPLAINED FAIR-WEATHER","rationale":"no weather signal | nearest DC: AWS Falls Twp / Keystone Trade Center (Bucks Co.) (69.9 km, construction)"}},{"type":"Feature","geometry":{"type":"Point","coordinates":[-74.40096,40.48563]},"properties":{"polled_at":"2026-10-03T11:25:14+00:00","region":"NJ-PSEG","outage_id":"OMS-10022026-00829","customers":4,"cause":"Under Investigation","crew_status":"Acknowledged","etr":"ETR-EXP","wind_kmh":8.0,"gust_kmh":27.0,"precip_mm":0.0,"temp_c":15.2,"nws_alerts":"","dc_name":"AWS Falls Twp / Keystone Trade Center (Bucks Co.)","dc_km":49.47,"dc_status":"construction","op_dc_name":null,"op_dc_km":null,"weather_flag":0,"dc_flag":0,"cause_category":"under investigation","planned_flag":0,"classification":"UNEXPLAINED FAIR-WEATHER","rationale":"no weather signal | nearest DC: AWS Falls Twp / Keystone Trade Center (Bucks Co.) (49.5 km, construction)"}},{"type":"Feature","geometry":{"type":"Point","coordinates":[-74.09613,40.65211]},"properties":{"polled_at":"2026-10-03T11:25:14+00:00","region":"NJ-PSEG","outage_id":"OMS-10022026-00957","customers":4,"cause":"Underground cable failure","crew_status":"Dispatched","etr":"ETR-NULL","wind_kmh":14.1,"gust_kmh":36.0,"precip_mm":0.0,"temp_c":14.4,"nws_alerts":"","dc_name":"AWS Falls Twp / Keystone Trade Center (Bucks Co.)","dc_km":80.42,"dc_status":"construction","op_dc_name":null,"op_dc_km":null,"weather_flag":0,"dc_flag":0,"cause_category":"equipment","planned_flag":0,"classification":"UNEXPLAINED FAIR-WEATHER","rationale":"no weather signal | nearest DC: AWS Falls Twp / Keystone Trade Center (Bucks Co.) (80.4 km, construction)"}},{"type":"Feature","geometry":{"type":"Point","coordinates":[-73.9787,41.5041]},"properties":{"polled_at":"2026-10-03T11:25:14+00:00","region":"NY-CENHUD","outage_id":"41.5041,-73.9787","customers":4,"cause":"","crew_status":"","etr":"2026-10-03T14:30:00Z","wind_kmh":9.1,"gust_kmh":26.3,"precip_mm":0.0,"temp_c":12.7,"nws_alerts":"","dc_name":"AWS Falls Twp / Keystone Trade Center (Bucks Co.)","dc_km":165.82,"dc_status":"construction","op_dc_name":null,"op_dc_km":null,"weather_flag":0,"dc_flag":0,"cause_category":"not reported","planned_flag":0,"classification":"UNEXPLAINED FAIR-WEATHER","rationale":"no weather signal | nearest DC: AWS Falls Twp / Keystone Trade Center (Bucks Co.) (165.8 km, construction)"}},{"type":"Feature","geometry":{"type":"Point","coordinates":[-73.9816,41.50419]},"properties":{"polled_at":"2026-10-03T11:25:14+00:00","region":"NY-CENHUD","outage_id":"41.5042,-73.9816","customers":15,"cause":"","crew_status":"","etr":"2026-10-03T14:30:00Z","wind_kmh":9.1,"gust_kmh":26.3,"precip_mm":0.0,"temp_c":12.7,"nws_alerts":"","dc_name":"AWS Falls Twp / Keystone Trade Center (Bucks Co.)","dc_km":165.74,"dc_status":"construction","op_dc_name":null,"op_dc_km":null,"weather_flag":0,"dc_flag":0,"cause_category":"not reported","planned_flag":0,"classification":"UNEXPLAINED FAIR-WEATHER","rationale":"no weather signal | nearest DC: AWS Falls Twp / Keystone Trade Center (Bucks Co.) (165.7 km, construction)"}},{"type":"Feature","geometry":{"type":"Point","coordinates":[-81.70442,33.87545]},"properties":{"polled_at":"2026-10-03T11:25:14+00:00","region":"SC-DOM","outage_id":"33.8755,-81.7044","customers":1,"cause":"Under Evaluation","crew_status":"","etr":"2026-10-03T13:00:00Z","wind_kmh":4.5,"gust_kmh":14.0,"precip_mm":0.0,"temp_c":22.6,"nws_alerts":"","dc_name":"Microsoft Catawba Co. sites (Conover/Maiden)","dc_km":208.55,"dc_status":"construction","op_dc_name":null,"op_dc_km":null,"weather_flag":0,"dc_flag":0,"cause_category":"under investigation","planned_flag":0,"classification":"UNEXPLAINED FAIR-WEATHER","rationale":"no weather signal | nearest DC: Microsoft Catawba Co. sites (Conover/Maiden) (208.6 km, construction)"}},{"type":"Feature","geometry":{"type":"Point","coordinates":[-81.15968,34.05167]},"properties":{"polled_at":"2026-10-03T11:25:14+00:00","region":"SC-DOM","outage_id":"34.0517,-81.1597","customers":1,"cause":"Under Evaluation","crew_status":"","etr":"ETR-NULL","wind_kmh":6.6,"gust_kmh":9.4,"precip_mm":0.0,"temp_c":23.6,"nws_alerts":"","dc_name":"Microsoft Catawba Co. sites (Conover/Maiden)","dc_km":184.25,"dc_status":"construction","op_dc_name":null,"op_dc_km":null,"weather_flag":0,"dc_flag":0,"cause_category":"under investigation","planned_flag":0,"classification":"UNEXPLAINED FAIR-WEATHER","rationale":"no weather signal | nearest DC: Microsoft Catawba Co. sites (Conover/Maiden) (184.3 km, construction)"}},{"type":"Feature","geometry":{"type":"Point","coordinates":[-76.23168,40.08804]},"properties":{"polled_at":"2026-10-03T11:25:14+00:00","region":"PA-PPL","outage_id":"8793542","customers":17,"cause":"","crew_status":"","etr":"","wind_kmh":7.9,"gust_kmh":41.4,"precip_mm":0.0,"temp_c":14.2,"nws_alerts":"","dc_name":"AWS Kline Twp campus (Schuylkill Co.)","dc_km":84.25,"dc_status":"announced","op_dc_name":null,"op_dc_km":null,"weather_flag":0,"dc_flag":0,"cause_category":"not reported","planned_flag":0,"classification":"UNEXPLAINED FAIR-WEATHER","rationale":"no weather signal | nearest DC: AWS Kline Twp campus (Schuylkill Co.) (84.2 km, announced)"}},{"type":"Feature","geometry":{"type":"Point","coordinates":[-76.34112,39.90119]},"properties":{"polled_at":"2026-10-03T11:25:14+00:00","region":"PA-PPL","outage_id":"8793537","customers":25,"cause":"","crew_status":"","etr":"","wind_kmh":9.8,"gust_kmh":35.3,"precip_mm":0.0,"temp_c":14.9,"nws_alerts":"","dc_name":"AWS Kline Twp campus (Schuylkill Co.)","dc_km":106.59,"dc_status":"announced","op_dc_name":null,"op_dc_km":null,"weather_flag":0,"dc_flag":0,"cause_category":"not reported","planned_flag":0,"classification":"UNEXPLAINED FAIR-WEATHER","rationale":"no weather signal | nearest DC: AWS Kline Twp campus (Schuylkill Co.) (106.6 km, announced)"}},{"type":"Feature","geometry":{"type":"Point","coordinates":[-76.39159,40.63011]},"properties":{"polled_at":"2026-10-03T11:25:14+00:00","region":"PA-PPL","outage_id":"8793545","customers":2,"cause":"","crew_status":"","etr":"","wind_kmh":5.8,"gust_kmh":35.6,"precip_mm":0.0,"temp_c":10.9,"nws_alerts":"","dc_name":"AWS Kline Twp campus (Schuylkill Co.)","dc_km":37.71,"dc_status":"announced","op_dc_name":null,"op_dc_km":null,"weather_flag":0,"dc_flag":0,"cause_category":"not reported","planned_flag":0,"classification":"UNEXPLAINED FAIR-WEATHER","rationale":"no weather signal | nearest DC: AWS Kline Twp campus (Schuylkill Co.) (37.7 km, announced)"}},{"type":"Feature","geometry":{"type":"Point","coordinates":[-75.36755,40.65557]},"properties":{"polled_at":"2026-10-03T11:25:14+00:00","region":"PA-PPL","outage_id":"8793544","customers":18,"cause":"","crew_status":"","etr":"","wind_kmh":8.1,"gust_kmh":14.0,"precip_mm":0.0,"temp_c":13.0,"nws_alerts":"","dc_name":"AWS Kline Twp campus (Schuylkill Co.)","dc_km":59.08,"dc_status":"announced","op_dc_name":null,"op_dc_km":null,"weather_flag":0,"dc_flag":0,"cause_category":"not reported","planned_flag":0,"classification":"UNEXPLAINED FAIR-WEATHER","rationale":"no weather signal | nearest DC: AWS Kline Twp campus (Schuylkill Co.) (59.1 km, announced)"}},{"type":"Feature","geometry":{"type":"Point","coordinates":[-75.97015,41.04129]},"properties":{"polled_at":"2026-10-03T11:25:14+00:00","region":"PA-PPL","outage_id":"8793534","customers":10,"cause":"","crew_status":"","etr":"","wind_kmh":16.5,"gust_kmh":49.7,"precip_mm":0.0,"temp_c":9.0,"nws_alerts":"","dc_name":"AWS Salem Twp (Susquehanna nuclear campus, Luzerne Co.)","dc_km":15.9,"dc_status":"construction","op_dc_name":null,"op_dc_km":null,"weather_flag":1,"dc_flag":0,"cause_category":"not reported","planned_flag":0,"classification":"WEATHER-LIKELY","rationale":"gusts 50 km/h | nearest DC: AWS Salem Twp (Susquehanna nuclear campus, Luzerne Co.) (15.9 km, construction)"}},{"type":"Feature","geometry":{"type":"Point","coordinates":[-77.29269,40.74318]},"properties":{"polled_at":"2026-10-03T11:25:14+00:00","region":"PA-PPL","outage_id":"8793532","customers":1,"cause":"","crew_status":"","etr":"","wind_kmh":17.7,"gust_kmh":47.5,"precip_mm":0.0,"temp_c":11.0,"nws_alerts":"","dc_name":"QTS Salem Twp land assembly (Luzerne Co.)","dc_km":97.98,"dc_status":"announced","op_dc_name":null,"op_dc_km":null,"weather_flag":1,"dc_flag":0,"cause_category":"not reported","planned_flag":0,"classification":"WEATHER-LIKELY","rationale":"gusts 48 km/h | nearest DC: QTS Salem Twp land assembly (Luzerne Co.) (98.0 km, announced)"}},{"type":"Feature","geometry":{"type":"Point","coordinates":[-86.25689,41.78275]},"properties":{"polled_at":"2026-10-03T11:25:14+00:00","region":"IN-IM","outage_id":"2618551","customers":9,"cause":"TREE CONTACT","crew_status":"Assessing","etr":"2026-10-03T14:00:51Z","wind_kmh":6.5,"gust_kmh":17.6,"precip_mm":0.0,"temp_c":6.1,"nws_alerts":"","dc_name":"Amazon New Carlisle 'Project Rainier' (St. Joseph Co. IN)","dc_km":17.32,"dc_status":"construction","op_dc_name":null,"op_dc_km":null,"weather_flag":1,"dc_flag":0,"cause_category":"vegetation / tree","planned_flag":0,"classification":"WEATHER-LIKELY","rationale":"utility cause='TREE CONTACT' | nearest DC: Amazon New Carlisle 'Project Rainier' (St. Joseph Co. IN) (17.3 km, construction)"}},{"type":"Feature","geometry":{"type":"Point","coordinates":[-82.63049,37.17278]},"properties":{"polled_at":"2026-10-03T11:25:14+00:00","region":"KY-AEP","outage_id":"4352211","customers":11,"cause":"","crew_status":"Assessing","etr":"2026-10-03T16:00:00Z","wind_kmh":8.0,"gust_kmh":13.0,"precip_mm":0.0,"temp_c":17.2,"nws_alerts":"","dc_name":"TeraWulf 'Muskie' EastPark (Boyd Co. KY)","dc_km":132.3,"dc_status":"announced","op_dc_name":null,"op_dc_km":null,"weather_flag":0,"dc_flag":0,"cause_category":"not reported","planned_flag":0,"classification":"UNEXPLAINED FAIR-WEATHER","rationale":"no weather signal | nearest DC: TeraWulf 'Muskie' EastPark (Boyd Co. KY) (132.3 km, announced)"}},{"type":"Feature","geometry":{"type":"Point","coordinates":[-85.31194,34.53495]},"properties":{"polled_at":"2026-10-03T11:25:14+00:00","region":"GA-GPC","outage_id":"34.535,-85.3119","customers":4,"cause":"","crew_status":"","etr":"ETR-NULL","wind_kmh":8.1,"gust_kmh":10.8,"precip_mm":0.0,"temp_c":20.9,"nws_alerts":"","dc_name":"Atlanta metro hyperscale wave (contextual anchor)","dc_km":125.43,"dc_status":"announced","op_dc_name":null,"op_dc_km":null,"weather_flag":0,"dc_flag":0,"cause_category":"not reported","planned_flag":0,"classification":"UNEXPLAINED FAIR-WEATHER","rationale":"no weather signal | nearest DC: Atlanta metro hyperscale wave (contextual anchor) (125.4 km, announced)"}},{"type":"Feature","geometry":{"type":"Point","coordinates":[-84.75303,34.59433]},"properties":{"polled_at":"2026-10-03T11:25:14+00:00","region":"GA-GPC","outage_id":"34.5943,-84.753","customers":4,"cause":"","crew_status":"","etr":"2026-10-03T13:00:00Z","wind_kmh":7.6,"gust_kmh":10.4,"precip_mm":0.0,"temp_c":19.8,"nws_alerts":"","dc_name":"Atlanta metro hyperscale wave (contextual anchor)","dc_km":112.13,"dc_status":"announced","op_dc_name":null,"op_dc_km":null,"weather_flag":0,"dc_flag":0,"cause_category":"not reported","planned_flag":0,"classification":"UNEXPLAINED FAIR-WEATHER","rationale":"no weather signal | nearest DC: Atlanta metro hyperscale wave (contextual anchor) (112.1 km, announced)"}},{"type":"Feature","geometry":{"type":"Point","coordinates":[-85.07102,34.24908]},"properties":{"polled_at":"2026-10-03T11:25:14+00:00","region":"GA-GPC","outage_id":"34.2491,-85.071","customers":4,"cause":"","crew_status":"","etr":"ETR-NULL","wind_kmh":7.2,"gust_kmh":8.6,"precip_mm":0.0,"temp_c":19.3,"nws_alerts":"","dc_name":"Atlanta metro hyperscale wave (contextual anchor)","dc_km":86.72,"dc_status":"announced","op_dc_name":null,"op_dc_km":null,"weather_flag":0,"dc_flag":0,"cause_category":"not reported","planned_flag":0,"classification":"UNEXPLAINED FAIR-WEATHER","rationale":"no weather signal | nearest DC: Atlanta metro hyperscale wave (contextual anchor) (86.7 km, announced)"}},{"type":"Feature","geometry":{"type":"Point","coordinates":[-84.65102,33.78245]},"properties":{"polled_at":"2026-10-03T11:25:14+00:00","region":"GA-GPC","outage_id":"33.7824,-84.651","customers":4,"cause":"","crew_status":"","etr":"2026-10-03T12:30:00Z","wind_kmh":6.1,"gust_kmh":8.3,"precip_mm":0.0,"temp_c":20.4,"nws_alerts":"","dc_name":"Atlanta metro hyperscale wave (contextual anchor)","dc_km":22.34,"dc_status":"announced","op_dc_name":"Google Douglas Co. (Lithia Springs GA)","op_dc_km":4.48,"weather_flag":0,"dc_flag":0,"cause_category":"not reported","planned_flag":0,"classification":"NEAR OPERATING DC FAIR-WEATHER (context)","rationale":"no weather signal | nearest DC: Atlanta metro hyperscale wave (contextual anchor) (22.3 km, announced) | within 4.5 km of operating DC Google Douglas Co. (Lithia Springs GA) (context tier: excluded from evidence + alerts)"}},{"type":"Feature","geometry":{"type":"Point","coordinates":[-84.62868,33.78721]},"properties":{"polled_at":"2026-10-03T11:25:14+00:00","region":"GA-GPC","outage_id":"33.7872,-84.6287","customers":4,"cause":"","crew_status":"","etr":"2026-10-03T12:30:00Z","wind_kmh":6.1,"gust_kmh":8.3,"precip_mm":0.0,"temp_c":20.4,"nws_alerts":"","dc_name":"Atlanta metro hyperscale wave (contextual anchor)","dc_km":22.05,"dc_status":"announced","op_dc_name":"Google Douglas Co. (Lithia Springs GA)","op_dc_km":5.05,"weather_flag":0,"dc_flag":0,"cause_category":"not reported","planned_flag":0,"classification":"NEAR OPERATING DC FAIR-WEATHER (context)","rationale":"no weather signal | nearest DC: Atlanta metro hyperscale wave (contextual anchor) (22.1 km, announced) | within 5.0 km of operating DC Google Douglas Co. (Lithia Springs GA) (context tier: excluded from evidence + alerts)"}},{"type":"Feature","geometry":{"type":"Point","coordinates":[-84.53927,33.78224]},"properties":{"polled_at":"2026-10-03T11:25:14+00:00","region":"GA-GPC","outage_id":"33.7822,-84.5393","customers":4,"cause":"","crew_status":"","etr":"2026-10-04T02:30:00Z","wind_kmh":6.1,"gust_kmh":8.3,"precip_mm":0.0,"temp_c":20.4,"nws_alerts":"","dc_name":"Atlanta metro hyperscale wave (contextual anchor)","dc_km":20.29,"dc_status":"announced","op_dc_name":null,"op_dc_km":null,"weather_flag":0,"dc_flag":0,"cause_category":"not reported","planned_flag":0,"classification":"UNEXPLAINED FAIR-WEATHER","rationale":"no weather signal | nearest DC: Atlanta metro hyperscale wave (contextual anchor) (20.3 km, announced)"}},{"type":"Feature","geometry":{"type":"Point","coordinates":[-84.42364,33.55342]},"properties":{"polled_at":"2026-10-03T11:25:14+00:00","region":"GA-GPC","outage_id":"33.5534,-84.4236","customers":35,"cause":"","crew_status":"","etr":"2026-10-03T14:00:00Z","wind_kmh":4.0,"gust_kmh":10.4,"precip_mm":0.0,"temp_c":21.6,"nws_alerts":"","dc_name":"Atlanta metro hyperscale wave (contextual anchor)","dc_km":12.8,"dc_status":"announced","op_dc_name":null,"op_dc_km":null,"weather_flag":0,"dc_flag":0,"cause_category":"not reported","planned_flag":0,"classification":"UNEXPLAINED FAIR-WEATHER","rationale":"no weather signal | nearest DC: Atlanta metro hyperscale wave (contextual anchor) (12.8 km, announced)"}},{"type":"Feature","geometry":{"type":"Point","coordinates":[-84.41881,33.52774]},"properties":{"polled_at":"2026-10-03T11:25:14+00:00","region":"GA-GPC","outage_id":"33.5277,-84.4188","customers":4,"cause":"","crew_status":"","etr":"2026-10-03T13:00:00Z","wind_kmh":4.0,"gust_kmh":10.4,"precip_mm":0.0,"temp_c":21.6,"nws_alerts":"","dc_name":"Atlanta metro hyperscale wave (contextual anchor)","dc_km":14.57,"dc_status":"announced","op_dc_name":null,"op_dc_km":null,"weather_flag":0,"dc_flag":0,"cause_category":"not reported","planned_flag":0,"classification":"UNEXPLAINED FAIR-WEATHER","rationale":"no weather signal | nearest DC: Atlanta metro hyperscale wave (contextual anchor) (14.6 km, announced)"}},{"type":"Feature","geometry":{"type":"Point","coordinates":[-84.44471,32.57624]},"properties":{"polled_at":"2026-10-03T11:25:14+00:00","region":"GA-GPC","outage_id":"32.5762,-84.4447","customers":4,"cause":"","crew_status":"","etr":"2026-10-03T14:30:00Z","wind_kmh":5.5,"gust_kmh":12.6,"precip_mm":0.0,"temp_c":21.5,"nws_alerts":"","dc_name":"Atlanta metro hyperscale wave (contextual anchor)","dc_km":114.26,"dc_status":"announced","op_dc_name":null,"op_dc_km":null,"weather_flag":0,"dc_flag":0,"cause_category":"not reported","planned_flag":0,"classification":"UNEXPLAINED FAIR-WEATHER","rationale":"no weather signal | nearest DC: Atlanta metro hyperscale wave (contextual anchor) (114.3 km, announced)"}},{"type":"Feature","geometry":{"type":"Point","coordinates":[-84.92439,32.48755]},"properties":{"polled_at":"2026-10-03T11:25:14+00:00","region":"GA-GPC","outage_id":"32.4875,-84.9244","customers":9,"cause":"","crew_status":"","etr":"2026-10-03T12:15:00Z","wind_kmh":5.7,"gust_kmh":12.2,"precip_mm":0.0,"temp_c":22.0,"nws_alerts":"","dc_name":"Atlanta metro hyperscale wave (contextual anchor)","dc_km":128.53,"dc_status":"announced","op_dc_name":null,"op_dc_km":null,"weather_flag":0,"dc_flag":0,"cause_category":"not reported","planned_flag":0,"classification":"UNEXPLAINED FAIR-WEATHER","rationale":"no weather signal | nearest DC: Atlanta metro hyperscale wave (contextual anchor) (128.5 km, announced)"}},{"type":"Feature","geometry":{"type":"Point","coordinates":[-84.29485,33.73664]},"properties":{"polled_at":"2026-10-03T11:25:14+00:00","region":"GA-GPC","outage_id":"33.7366,-84.2948","customers":4,"cause":"","crew_status":"","etr":"ETR-NULL","wind_kmh":4.0,"gust_kmh":10.4,"precip_mm":0.0,"temp_c":21.6,"nws_alerts":"","dc_name":"Atlanta metro hyperscale wave (contextual anchor)","dc_km":28.08,"dc_status":"announced","op_dc_name":null,"op_dc_km":null,"weather_flag":0,"dc_flag":0,"cause_category":"not reported","planned_flag":0,"classification":"UNEXPLAINED FAIR-WEATHER","rationale":"no weather signal | nearest DC: Atlanta metro hyperscale wave (contextual anchor) (28.1 km, announced)"}},{"type":"Feature","geometry":{"type":"Point","coordinates":[-83.65209,32.85705]},"properties":{"polled_at":"2026-10-03T11:25:14+00:00","region":"GA-GPC","outage_id":"32.8571,-83.6521","customers":4,"cause":"","crew_status":"","etr":"2026-10-03T13:15:00Z","wind_kmh":6.5,"gust_kmh":20.9,"precip_mm":0.0,"temp_c":22.7,"nws_alerts":"","dc_name":"Atlanta metro hyperscale wave (contextual anchor)","dc_km":117.47,"dc_status":"announced","op_dc_name":null,"op_dc_km":null,"weather_flag":0,"dc_flag":0,"cause_category":"not reported","planned_flag":0,"classification":"UNEXPLAINED FAIR-WEATHER","rationale":"no weather signal | nearest DC: Atlanta metro hyperscale wave (contextual anchor) (117.5 km, announced)"}},{"type":"Feature","geometry":{"type":"Point","coordinates":[-83.61763,32.83655]},"properties":{"polled_at":"2026-10-03T11:25:14+00:00","region":"GA-GPC","outage_id":"32.8366,-83.6176","customers":4,"cause":"","crew_status":"","etr":"ETR-NULL","wind_kmh":6.5,"gust_kmh":20.9,"precip_mm":0.0,"temp_c":22.7,"nws_alerts":"","dc_name":"Atlanta metro hyperscale wave (contextual anchor)","dc_km":121.36,"dc_status":"announced","op_dc_name":null,"op_dc_km":null,"weather_flag":0,"dc_flag":0,"cause_category":"not reported","planned_flag":0,"classification":"UNEXPLAINED FAIR-WEATHER","rationale":"no weather signal | nearest DC: Atlanta metro hyperscale wave (contextual anchor) (121.4 km, announced)"}},{"type":"Feature","geometry":{"type":"Point","coordinates":[-84.16894,31.65148]},"properties":{"polled_at":"2026-10-03T11:25:14+00:00","region":"GA-GPC","outage_id":"31.6515,-84.1689","customers":4,"cause":"","crew_status":"","etr":"2026-10-03T13:00:00Z","wind_kmh":6.9,"gust_kmh":23.8,"precip_mm":0.0,"temp_c":22.7,"nws_alerts":"","dc_name":"Atlanta metro hyperscale wave (contextual anchor)","dc_km":219.58,"dc_status":"announced","op_dc_name":null,"op_dc_km":null,"weather_flag":0,"dc_flag":0,"cause_category":"not reported","planned_flag":0,"classification":"UNEXPLAINED FAIR-WEATHER","rationale":"no weather signal | nearest DC: Atlanta metro hyperscale wave (contextual anchor) (219.6 km, announced)"}},{"type":"Feature","geometry":{"type":"Point","coordinates":[-83.48087,31.46451]},"properties":{"polled_at":"2026-10-03T11:25:14+00:00","region":"GA-GPC","outage_id":"31.4645,-83.4809","customers":4,"cause":"","crew_status":"","etr":"2026-10-04T13:00:00Z","wind_kmh":7.8,"gust_kmh":17.6,"precip_mm":0.0,"temp_c":23.0,"nws_alerts":"","dc_name":"Atlanta metro hyperscale wave (contextual anchor)","dc_km":257.74,"dc_status":"announced","op_dc_name":null,"op_dc_km":null,"weather_flag":0,"dc_flag":0,"cause_category":"not reported","planned_flag":0,"classification":"UNEXPLAINED FAIR-WEATHER","rationale":"no weather signal | nearest DC: Atlanta metro hyperscale wave (contextual anchor) (257.7 km, announced)"}},{"type":"Feature","geometry":{"type":"Point","coordinates":[-82.28348,33.53855]},"properties":{"polled_at":"2026-10-03T11:25:14+00:00","region":"GA-GPC","outage_id":"33.5386,-82.2835","customers":8,"cause":"","crew_status":"","etr":"2026-10-03T14:15:00Z","wind_kmh":3.3,"gust_kmh":12.6,"precip_mm":0.0,"temp_c":23.0,"nws_alerts":"","dc_name":"Atlanta metro hyperscale wave (contextual anchor)","dc_km":210.1,"dc_status":"announced","op_dc_name":null,"op_dc_km":null,"weather_flag":0,"dc_flag":0,"cause_category":"not reported","planned_flag":0,"classification":"UNEXPLAINED FAIR-WEATHER","rationale":"no weather signal | nearest DC: Atlanta metro hyperscale wave (contextual anchor) (210.1 km, announced)"}},{"type":"Feature","geometry":{"type":"Point","coordinates":[-81.62111,31.78393]},"properties":{"polled_at":"2026-10-03T11:25:14+00:00","region":"GA-GPC","outage_id":"31.7839,-81.6211","customers":4,"cause":"","crew_status":"","etr":"2026-10-03T13:00:00Z","wind_kmh":6.5,"gust_kmh":12.6,"precip_mm":0.0,"temp_c":22.8,"nws_alerts":"","dc_name":"Atlanta metro hyperscale wave (contextual anchor)","dc_km":340.42,"dc_status":"announced","op_dc_name":null,"op_dc_km":null,"weather_flag":0,"dc_flag":0,"cause_category":"not reported","planned_flag":0,"classification":"UNEXPLAINED FAIR-WEATHER","rationale":"no weather signal | nearest DC: Atlanta metro hyperscale wave (contextual anchor) (340.4 km, announced)"}},{"type":"Feature","geometry":{"type":"Point","coordinates":[-82.34179,31.23099]},"properties":{"polled_at":"2026-10-03T11:25:14+00:00","region":"GA-GPC","outage_id":"31.231,-82.3418","customers":4,"cause":"","crew_status":"","etr":"2026-10-03T13:15:00Z","wind_kmh":5.4,"gust_kmh":15.5,"precip_mm":0.0,"temp_c":23.9,"nws_alerts":"","dc_name":"Atlanta metro hyperscale wave (contextual anchor)","dc_km":335.17,"dc_status":"announced","op_dc_name":null,"op_dc_km":null,"weather_flag":0,"dc_flag":0,"cause_category":"not reported","planned_flag":0,"classification":"UNEXPLAINED FAIR-WEATHER","rationale":"no weather signal | nearest DC: Atlanta metro hyperscale wave (contextual anchor) (335.2 km, announced)"}},{"type":"Feature","geometry":{"type":"Point","coordinates":[-81.62342,30.78275]},"properties":{"polled_at":"2026-10-03T11:25:14+00:00","region":"GA-GPC","outage_id":"30.7828,-81.6234","customers":4,"cause":"","crew_status":"","etr":"2026-10-03T13:00:00Z","wind_kmh":2.9,"gust_kmh":9.0,"precip_mm":0.0,"temp_c":23.8,"nws_alerts":"","dc_name":"Atlanta metro hyperscale wave (contextual anchor)","dc_km":417.06,"dc_status":"announced","op_dc_name":null,"op_dc_km":null,"weather_flag":0,"dc_flag":0,"cause_category":"not reported","planned_flag":0,"classification":"UNEXPLAINED FAIR-WEATHER","rationale":"no weather signal | nearest DC: Atlanta metro hyperscale wave (contextual anchor) (417.1 km, announced)"}},{"type":"Feature","geometry":{"type":"Point","coordinates":[-81.39877,32.17002]},"properties":{"polled_at":"2026-10-03T11:25:14+00:00","region":"GA-GPC","outage_id":"32.17,-81.3988","customers":4,"cause":"","crew_status":"","etr":"2026-10-03T13:45:00Z","wind_kmh":4.0,"gust_kmh":6.8,"precip_mm":0.0,"temp_c":22.7,"nws_alerts":"","dc_name":"Atlanta metro hyperscale wave (contextual anchor)","dc_km":334.44,"dc_status":"announced","op_dc_name":null,"op_dc_km":null,"weather_flag":0,"dc_flag":0,"cause_category":"not reported","planned_flag":0,"classification":"UNEXPLAINED FAIR-WEATHER","rationale":"no weather signal | nearest DC: Atlanta metro hyperscale wave (contextual anchor) (334.4 km, announced)"}},{"type":"Feature","geometry":{"type":"Point","coordinates":[-81.14545,32.11544]},"properties":{"polled_at":"2026-10-03T11:25:14+00:00","region":"GA-GPC","outage_id":"32.1154,-81.1454","customers":4,"cause":"","crew_status":"","etr":"2026-10-03T12:30:00Z","wind_kmh":5.2,"gust_kmh":12.2,"precip_mm":0.0,"temp_c":24.0,"nws_alerts":"","dc_name":"Atlanta metro hyperscale wave (contextual anchor)","dc_km":358.27,"dc_status":"announced","op_dc_name":null,"op_dc_km":null,"weather_flag":0,"dc_flag":0,"cause_category":"not reported","planned_flag":0,"classification":"UNEXPLAINED FAIR-WEATHER","rationale":"no weather signal | nearest DC: Atlanta metro hyperscale wave (contextual anchor) (358.3 km, announced)"}},{"type":"Feature","geometry":{"type":"Point","coordinates":[-81.1381,32.05841]},"properties":{"polled_at":"2026-10-03T11:25:14+00:00","region":"GA-GPC","outage_id":"32.0584,-81.1381","customers":4,"cause":"","crew_status":"","etr":"2026-10-03T13:30:00Z","wind_kmh":5.2,"gust_kmh":12.2,"precip_mm":0.0,"temp_c":24.0,"nws_alerts":"","dc_name":"Atlanta metro hyperscale wave (contextual anchor)","dc_km":361.93,"dc_status":"announced","op_dc_name":null,"op_dc_km":null,"weather_flag":0,"dc_flag":0,"cause_category":"not reported","planned_flag":0,"classification":"UNEXPLAINED FAIR-WEATHER","rationale":"no weather signal | nearest DC: Atlanta metro hyperscale wave (contextual anchor) (361.9 km, announced)"}},{"type":"Feature","geometry":{"type":"Point","coordinates":[-81.05868,32.06744]},"properties":{"polled_at":"2026-10-03T11:25:14+00:00","region":"GA-GPC","outage_id":"32.0674,-81.0587","customers":4,"cause":"","crew_status":"","etr":"2026-10-03T13:00:00Z","wind_kmh":5.2,"gust_kmh":12.2,"precip_mm":0.0,"temp_c":24.0,"nws_alerts":"","dc_name":"Atlanta metro hyperscale wave (contextual anchor)","dc_km":368.0,"dc_status":"announced","op_dc_name":null,"op_dc_km":null,"weather_flag":0,"dc_flag":0,"cause_category":"not reported","planned_flag":0,"classification":"UNEXPLAINED FAIR-WEATHER","rationale":"no weather signal | nearest DC: Atlanta metro hyperscale wave (contextual anchor) (368.0 km, announced)"}},{"type":"Feature","geometry":{"type":"Point","coordinates":[-81.34435,31.48884]},"properties":{"polled_at":"2026-10-03T11:25:14+00:00","region":"GA-GPC","outage_id":"31.4888,-81.3444","customers":4,"cause":"","crew_status":"","etr":"2026-10-03T13:00:00Z","wind_kmh":6.0,"gust_kmh":6.8,"precip_mm":0.0,"temp_c":22.7,"nws_alerts":"","dc_name":"Atlanta metro hyperscale wave (contextual anchor)","dc_km":381.27,"dc_status":"announced","op_dc_name":null,"op_dc_km":null,"weather_flag":0,"dc_flag":0,"cause_category":"not reported","planned_flag":0,"classification":"UNEXPLAINED FAIR-WEATHER","rationale":"no weather signal | nearest DC: Atlanta metro hyperscale wave (contextual anchor) (381.3 km, announced)"}},{"type":"Feature","geometry":{"type":"Point","coordinates":[-81.49225,31.17206]},"properties":{"polled_at":"2026-10-03T11:25:14+00:00","region":"GA-GPC","outage_id":"31.1721,-81.4922","customers":4,"cause":"","crew_status":"","etr":"2026-10-03T13:00:00Z","wind_kmh":5.8,"gust_kmh":10.1,"precip_mm":0.0,"temp_c":23.0,"nws_alerts":"","dc_name":"Atlanta metro hyperscale wave (contextual anchor)","dc_km":394.07,"dc_status":"announced","op_dc_name":null,"op_dc_km":null,"weather_flag":0,"dc_flag":0,"cause_category":"not reported","planned_flag":0,"classification":"UNEXPLAINED FAIR-WEATHER","rationale":"no weather signal | nearest DC: Atlanta metro hyperscale wave (contextual anchor) (394.1 km, announced)"}},{"type":"Feature","geometry":{"type":"Point","coordinates":[-81.38907,31.14535]},"properties":{"polled_at":"2026-10-03T11:25:14+00:00","region":"GA-GPC","outage_id":"31.1454,-81.3891","customers":4,"cause":"","crew_status":"","etr":"2026-10-03T13:45:00Z","wind_kmh":5.8,"gust_kmh":10.1,"precip_mm":0.0,"temp_c":23.0,"nws_alerts":"","dc_name":"Atlanta metro hyperscale wave (contextual anchor)","dc_km":403.22,"dc_status":"announced","op_dc_name":null,"op_dc_km":null,"weather_flag":0,"dc_flag":0,"cause_category":"not reported","planned_flag":0,"classification":"UNEXPLAINED FAIR-WEATHER","rationale":"no weather signal | nearest DC: Atlanta metro hyperscale wave (contextual anchor) (403.2 km, announced)"}},{"type":"Feature","geometry":{"type":"Point","coordinates":[-81.3679,31.19594]},"properties":{"polled_at":"2026-10-03T11:25:14+00:00","region":"GA-GPC","outage_id":"31.1959,-81.3679","customers":7,"cause":"","crew_status":"","etr":"2026-10-03T13:00:00Z","wind_kmh":5.8,"gust_kmh":10.1,"precip_mm":0.0,"temp_c":23.0,"nws_alerts":"","dc_name":"Atlanta metro hyperscale wave (contextual anchor)","dc_km":400.85,"dc_status":"announced","op_dc_name":null,"op_dc_km":null,"weather_flag":0,"dc_flag":0,"cause_category":"not reported","planned_flag":0,"classification":"UNEXPLAINED FAIR-WEATHER","rationale":"no weather signal | nearest DC: Atlanta metro hyperscale wave (contextual anchor) (400.8 km, announced)"}},{"type":"Feature","geometry":{"type":"Point","coordinates":[-85.80425,38.24944]},"properties":{"polled_at":"2026-10-03T11:25:14+00:00","region":"KY-LGEKU","outage_id":"26328806","customers":4,"cause":"Unable to determine","crew_status":"","etr":"2026-10-03T14:30:00Z","wind_kmh":11.0,"gust_kmh":30.6,"precip_mm":0.0,"temp_c":13.4,"nws_alerts":"","dc_name":"Meta Jeffersonville (River Ridge Commerce Center, Clark Co. IN)","dc_km":23.57,"dc_status":"construction","op_dc_name":null,"op_dc_km":null,"weather_flag":0,"dc_flag":0,"cause_category":"other","planned_flag":0,"classification":"UNEXPLAINED FAIR-WEATHER","rationale":"no weather signal | nearest DC: Meta Jeffersonville (River Ridge Commerce Center, Clark Co. IN) (23.6 km, construction)"}},{"type":"Feature","geometry":{"type":"Point","coordinates":[-85.80425,38.24952]},"properties":{"polled_at":"2026-10-03T11:25:14+00:00","region":"KY-LGEKU","outage_id":"26328805","customers":4,"cause":"Unable to determine","crew_status":"","etr":"2026-10-03T14:30:00Z","wind_kmh":11.0,"gust_kmh":30.6,"precip_mm":0.0,"temp_c":13.4,"nws_alerts":"","dc_name":"Meta Jeffersonville (River Ridge Commerce Center, Clark Co. IN)","dc_km":23.56,"dc_status":"construction","op_dc_name":null,"op_dc_km":null,"weather_flag":0,"dc_flag":0,"cause_category":"other","planned_flag":0,"classification":"UNEXPLAINED FAIR-WEATHER","rationale":"no weather signal | nearest DC: Meta Jeffersonville (River Ridge Commerce Center, Clark Co. IN) (23.6 km, construction)"}},{"type":"Feature","geometry":{"type":"Point","coordinates":[-85.80431,38.24947]},"properties":{"polled_at":"2026-10-03T11:25:14+00:00","region":"KY-LGEKU","outage_id":"26328804","customers":4,"cause":"Unable to determine","crew_status":"","etr":"2026-10-03T14:30:00Z","wind_kmh":11.0,"gust_kmh":30.6,"precip_mm":0.0,"temp_c":13.4,"nws_alerts":"","dc_name":"Meta Jeffersonville (River Ridge Commerce Center, Clark Co. IN)","dc_km":23.57,"dc_status":"construction","op_dc_name":null,"op_dc_km":null,"weather_flag":0,"dc_flag":0,"cause_category":"other","planned_flag":0,"classification":"UNEXPLAINED FAIR-WEATHER","rationale":"no weather signal | nearest DC: Meta Jeffersonville (River Ridge Commerce Center, Clark Co. IN) (23.6 km, construction)"}},{"type":"Feature","geometry":{"type":"Point","coordinates":[-85.21295,38.22372]},"properties":{"polled_at":"2026-10-03T11:25:14+00:00","region":"KY-LGEKU","outage_id":"26328789","customers":17,"cause":"Unable to determine","crew_status":"","etr":"2026-10-03T13:00:00Z","wind_kmh":16.3,"gust_kmh":38.5,"precip_mm":0.0,"temp_c":13.1,"nws_alerts":"","dc_name":"Meta Jeffersonville (River Ridge Commerce Center, Clark Co. IN)","dc_km":40.57,"dc_status":"construction","op_dc_name":null,"op_dc_km":null,"weather_flag":0,"dc_flag":0,"cause_category":"other","planned_flag":0,"classification":"UNEXPLAINED FAIR-WEATHER","rationale":"no weather signal | nearest DC: Meta Jeffersonville (River Ridge Commerce Center, Clark Co. IN) (40.6 km, construction)"}},{"type":"Feature","geometry":{"type":"Point","coordinates":[-85.21279,38.22533]},"properties":{"polled_at":"2026-10-03T11:25:14+00:00","region":"KY-LGEKU","outage_id":"26328790","customers":4,"cause":"Unable to determine","crew_status":"","etr":"2026-10-03T12:00:00Z","wind_kmh":16.3,"gust_kmh":38.5,"precip_mm":0.0,"temp_c":13.1,"nws_alerts":"","dc_name":"Meta Jeffersonville (River Ridge Commerce Center, Clark Co. IN)","dc_km":40.5,"dc_status":"construction","op_dc_name":null,"op_dc_km":null,"weather_flag":0,"dc_flag":0,"cause_category":"other","planned_flag":0,"classification":"UNEXPLAINED FAIR-WEATHER","rationale":"no weather signal | nearest DC: Meta Jeffersonville (River Ridge Commerce Center, Clark Co. IN) (40.5 km, construction)"}},{"type":"Feature","geometry":{"type":"Point","coordinates":[-84.49061,37.96317]},"properties":{"polled_at":"2026-10-03T11:25:14+00:00","region":"KY-LGEKU","outage_id":"26328807","customers":4,"cause":"Unable to determine","crew_status":"","etr":"2026-10-03T14:30:00Z","wind_kmh":14.5,"gust_kmh":34.9,"precip_mm":0.0,"temp_c":14.9,"nws_alerts":"","dc_name":"Meta Jeffersonville (River Ridge Commerce Center, Clark Co. IN)","dc_km":110.01,"dc_status":"construction","op_dc_name":null,"op_dc_km":null,"weather_flag":0,"dc_flag":0,"cause_category":"other","planned_flag":0,"classification":"UNEXPLAINED FAIR-WEATHER","rationale":"no weather signal | nearest DC: Meta Jeffersonville (River Ridge Commerce Center, Clark Co. IN) (110.0 km, construction)"}},{"type":"Feature","geometry":{"type":"Point","coordinates":[-83.01983,42.82026]},"properties":{"polled_at":"2026-10-03T11:25:14+00:00","region":"MI-DTE","outage_id":"42.8203,-83.0198","customers":4,"cause":"Equipment problem","crew_status":"","etr":"ETR-NULL","wind_kmh":8.7,"gust_kmh":17.3,"precip_mm":0.0,"temp_c":6.6,"nws_alerts":"","dc_name":"Meta Bowling Green","dc_km":168.96,"dc_status":"construction","op_dc_name":null,"op_dc_km":null,"weather_flag":0,"dc_flag":0,"cause_category":"equipment","planned_flag":0,"classification":"UNEXPLAINED FAIR-WEATHER","rationale":"no weather signal | nearest DC: Meta Bowling Green (169.0 km, construction)"}},{"type":"Feature","geometry":{"type":"Point","coordinates":[-83.24536,42.74209]},"properties":{"polled_at":"2026-10-03T11:25:14+00:00","region":"MI-DTE","outage_id":"42.7421,-83.2454","customers":4,"cause":"Equipment problem","crew_status":"","etr":"ETR-NULL","wind_kmh":8.9,"gust_kmh":19.4,"precip_mm":0.0,"temp_c":7.6,"nws_alerts":"","dc_name":"Meta Bowling Green","dc_km":155.69,"dc_status":"construction","op_dc_name":null,"op_dc_km":null,"weather_flag":0,"dc_flag":0,"cause_category":"equipment","planned_flag":0,"classification":"UNEXPLAINED FAIR-WEATHER","rationale":"no weather signal | nearest DC: Meta Bowling Green (155.7 km, construction)"}},{"type":"Feature","geometry":{"type":"Point","coordinates":[-83.30563,42.66586]},"properties":{"polled_at":"2026-10-03T11:25:14+00:00","region":"MI-DTE","outage_id":"42.6659,-83.3056","customers":4,"cause":"Pending crew assessment","crew_status":"","etr":"ETR-NULL","wind_kmh":7.6,"gust_kmh":20.9,"precip_mm":0.0,"temp_c":7.0,"nws_alerts":"","dc_name":"Meta Bowling Green","dc_km":146.37,"dc_status":"construction","op_dc_name":null,"op_dc_km":null,"weather_flag":0,"dc_flag":0,"cause_category":"under investigation","planned_flag":0,"classification":"UNEXPLAINED FAIR-WEATHER","rationale":"no weather signal | nearest DC: Meta Bowling Green (146.4 km, construction)"}},{"type":"Feature","geometry":{"type":"Point","coordinates":[-83.31545,42.62071]},"properties":{"polled_at":"2026-10-03T11:25:14+00:00","region":"MI-DTE","outage_id":"42.6207,-83.3154","customers":4,"cause":"Damage caused by trees","crew_status":"","etr":"ETR-NULL","wind_kmh":7.6,"gust_kmh":20.9,"precip_mm":0.0,"temp_c":7.0,"nws_alerts":"","dc_name":"Meta Bowling Green","dc_km":141.29,"dc_status":"construction","op_dc_name":null,"op_dc_km":null,"weather_flag":1,"dc_flag":0,"cause_category":"vegetation / tree","planned_flag":0,"classification":"WEATHER-LIKELY","rationale":"utility cause='Damage caused by trees' | nearest DC: Meta Bowling Green (141.3 km, construction)"}},{"type":"Feature","geometry":{"type":"Point","coordinates":[-83.08963,42.59725]},"properties":{"polled_at":"2026-10-03T11:25:14+00:00","region":"MI-DTE","outage_id":"42.5973,-83.0896","customers":4,"cause":"Pending crew assessment","crew_status":"","etr":"ETR-NULL","wind_kmh":8.9,"gust_kmh":19.4,"precip_mm":0.0,"temp_c":7.6,"nws_alerts":"","dc_name":"Meta Bowling Green","dc_km":143.64,"dc_status":"construction","op_dc_name":null,"op_dc_km":null,"weather_flag":0,"dc_flag":0,"cause_category":"under investigation","planned_flag":0,"classification":"UNEXPLAINED FAIR-WEATHER","rationale":"no weather signal | nearest DC: Meta Bowling Green (143.6 km, construction)"}},{"type":"Feature","geometry":{"type":"Point","coordinates":[-83.07887,42.56324]},"properties":{"polled_at":"2026-10-03T11:25:14+00:00","region":"MI-DTE","outage_id":"42.5632,-83.0789","customers":4,"cause":"Equipment problem","crew_status":"","etr":"ETR-NULL","wind_kmh":8.9,"gust_kmh":19.4,"precip_mm":0.0,"temp_c":7.6,"nws_alerts":"","dc_name":"Meta Bowling Green","dc_km":140.37,"dc_status":"construction","op_dc_name":null,"op_dc_km":null,"weather_flag":0,"dc_flag":0,"cause_category":"equipment","planned_flag":0,"classification":"UNEXPLAINED FAIR-WEATHER","rationale":"no weather signal | nearest DC: Meta Bowling Green (140.4 km, construction)"}},{"type":"Feature","geometry":{"type":"Point","coordinates":[-82.99981,42.60733]},"properties":{"polled_at":"2026-10-03T11:25:14+00:00","region":"MI-DTE","outage_id":"42.6073,-82.9998","customers":4,"cause":"Equipment problem","crew_status":"","etr":"ETR-NULL","wind_kmh":8.4,"gust_kmh":22.3,"precip_mm":0.0,"temp_c":6.9,"nws_alerts":"","dc_name":"Meta Bowling Green","dc_km":147.25,"dc_status":"construction","op_dc_name":null,"op_dc_km":null,"weather_flag":0,"dc_flag":0,"cause_category":"equipment","planned_flag":0,"classification":"UNEXPLAINED FAIR-WEATHER","rationale":"no weather signal | nearest DC: Meta Bowling Green (147.2 km, construction)"}},{"type":"Feature","geometry":{"type":"Point","coordinates":[-83.02751,42.58223]},"properties":{"polled_at":"2026-10-03T11:25:14+00:00","region":"MI-DTE","outage_id":"42.5822,-83.0275","customers":4,"cause":"","crew_status":"","etr":"ETR-NULL","wind_kmh":8.9,"gust_kmh":19.4,"precip_mm":0.0,"temp_c":7.6,"nws_alerts":"","dc_name":"Meta Bowling Green","dc_km":143.82,"dc_status":"construction","op_dc_name":null,"op_dc_km":null,"weather_flag":0,"dc_flag":0,"cause_category":"not reported","planned_flag":0,"classification":"UNEXPLAINED FAIR-WEATHER","rationale":"no weather signal | nearest DC: Meta Bowling Green (143.8 km, construction)"}},{"type":"Feature","geometry":{"type":"Point","coordinates":[-83.34506,42.48977]},"properties":{"polled_at":"2026-10-03T11:25:14+00:00","region":"MI-DTE","outage_id":"42.4898,-83.3451","customers":4,"cause":"Pending crew assessment","crew_status":"","etr":"ETR-NULL","wind_kmh":7.2,"gust_kmh":17.6,"precip_mm":0.0,"temp_c":7.7,"nws_alerts":"","dc_name":"Meta Bowling Green","dc_km":126.54,"dc_status":"construction","op_dc_name":null,"op_dc_km":null,"weather_flag":0,"dc_flag":0,"cause_category":"under investigation","planned_flag":0,"classification":"UNEXPLAINED FAIR-WEATHER","rationale":"no weather signal | nearest DC: Meta Bowling Green (126.5 km, construction)"}},{"type":"Feature","geometry":{"type":"Point","coordinates":[-83.3237,42.46505]},"properties":{"polled_at":"2026-10-03T11:25:14+00:00","region":"MI-DTE","outage_id":"42.465,-83.3237","customers":4,"cause":"No problem upon crew arrival","crew_status":"","etr":"ETR-NULL","wind_kmh":7.2,"gust_kmh":17.6,"precip_mm":0.0,"temp_c":7.7,"nws_alerts":"","dc_name":"Meta Bowling Green","dc_km":124.22,"dc_status":"construction","op_dc_name":null,"op_dc_km":null,"weather_flag":0,"dc_flag":0,"cause_category":"other","planned_flag":0,"classification":"UNEXPLAINED FAIR-WEATHER","rationale":"no weather signal | nearest DC: Meta Bowling Green (124.2 km, construction)"}},{"type":"Feature","geometry":{"type":"Point","coordinates":[-83.41344,42.34665]},"properties":{"polled_at":"2026-10-03T11:25:14+00:00","region":"MI-DTE","outage_id":"42.3466,-83.4134","customers":4,"cause":"Pending crew assessment","crew_status":"","etr":"ETR-NULL","wind_kmh":7.2,"gust_kmh":17.6,"precip_mm":0.0,"temp_c":7.7,"nws_alerts":"","dc_name":"Meta Bowling Green","dc_km":109.85,"dc_status":"construction","op_dc_name":null,"op_dc_km":null,"weather_flag":0,"dc_flag":0,"cause_category":"under investigation","planned_flag":0,"classification":"UNEXPLAINED FAIR-WEATHER","rationale":"no weather signal | nearest DC: Meta Bowling Green (109.8 km, construction)"}},{"type":"Feature","geometry":{"type":"Point","coordinates":[-83.32313,42.32297]},"properties":{"polled_at":"2026-10-03T11:25:14+00:00","region":"MI-DTE","outage_id":"42.323,-83.3231","customers":4,"cause":"Pending crew assessment","crew_status":"","etr":"ETR-NULL","wind_kmh":7.2,"gust_kmh":17.6,"precip_mm":0.0,"temp_c":7.7,"nws_alerts":"","dc_name":"Meta Bowling Green","dc_km":108.88,"dc_status":"construction","op_dc_name":null,"op_dc_km":null,"weather_flag":0,"dc_flag":0,"cause_category":"under investigation","planned_flag":0,"classification":"UNEXPLAINED FAIR-WEATHER","rationale":"no weather signal | nearest DC: Meta Bowling Green (108.9 km, construction)"}},{"type":"Feature","geometry":{"type":"Point","coordinates":[-83.25058,42.50428]},"properties":{"polled_at":"2026-10-03T11:25:14+00:00","region":"MI-DTE","outage_id":"42.5043,-83.2506","customers":4,"cause":"Pending crew assessment","crew_status":"","etr":"ETR-NULL","wind_kmh":7.6,"gust_kmh":20.9,"precip_mm":0.0,"temp_c":7.0,"nws_alerts":"","dc_name":"Meta Bowling Green","dc_km":129.89,"dc_status":"construction","op_dc_name":null,"op_dc_km":null,"weather_flag":0,"dc_flag":0,"cause_category":"under investigation","planned_flag":0,"classification":"UNEXPLAINED FAIR-WEATHER","rationale":"no weather signal | nearest DC: Meta Bowling Green (129.9 km, construction)"}},{"type":"Feature","geometry":{"type":"Point","coordinates":[-83.21238,42.54463]},"properties":{"polled_at":"2026-10-03T11:25:14+00:00","region":"MI-DTE","outage_id":"42.5446,-83.2124","customers":4,"cause":"Problem with customer equipment","crew_status":"","etr":"ETR-NULL","wind_kmh":8.9,"gust_kmh":19.4,"precip_mm":0.0,"temp_c":7.6,"nws_alerts":"","dc_name":"Meta Bowling Green","dc_km":135.05,"dc_status":"construction","op_dc_name":null,"op_dc_km":null,"weather_flag":0,"dc_flag":0,"cause_category":"equipment","planned_flag":0,"classification":"UNEXPLAINED FAIR-WEATHER","rationale":"no weather signal | nearest DC: Meta Bowling Green (135.0 km, construction)"}},{"type":"Feature","geometry":{"type":"Point","coordinates":[-83.19315,42.4783]},"properties":{"polled_at":"2026-10-03T11:25:14+00:00","region":"MI-DTE","outage_id":"42.4783,-83.1932","customers":4,"cause":"Pending crew assessment","crew_status":"","etr":"ETR-NULL","wind_kmh":7.6,"gust_kmh":15.8,"precip_mm":0.0,"temp_c":8.2,"nws_alerts":"","dc_name":"Meta Bowling Green","dc_km":128.42,"dc_status":"construction","op_dc_name":null,"op_dc_km":null,"weather_flag":0,"dc_flag":0,"cause_category":"under investigation","planned_flag":0,"classification":"UNEXPLAINED FAIR-WEATHER","rationale":"no weather signal | nearest DC: Meta Bowling Green (128.4 km, construction)"}},{"type":"Feature","geometry":{"type":"Point","coordinates":[-83.19993,42.44746]},"properties":{"polled_at":"2026-10-03T11:25:14+00:00","region":"MI-DTE","outage_id":"42.4475,-83.1999","customers":4,"cause":"Equipment problem","crew_status":"","etr":"ETR-NULL","wind_kmh":7.6,"gust_kmh":15.8,"precip_mm":0.0,"temp_c":8.2,"nws_alerts":"","dc_name":"Meta Bowling Green","dc_km":124.99,"dc_status":"construction","op_dc_name":null,"op_dc_km":null,"weather_flag":0,"dc_flag":0,"cause_category":"equipment","planned_flag":0,"classification":"UNEXPLAINED FAIR-WEATHER","rationale":"no weather signal | nearest DC: Meta Bowling Green (125.0 km, construction)"}},{"type":"Feature","geometry":{"type":"Point","coordinates":[-83.15608,42.42442]},"properties":{"polled_at":"2026-10-03T11:25:14+00:00","region":"MI-DTE","outage_id":"42.4244,-83.1561","customers":4,"cause":"Pending crew assessment","crew_status":"","etr":"ETR-NULL","wind_kmh":7.6,"gust_kmh":15.8,"precip_mm":0.0,"temp_c":8.2,"nws_alerts":"","dc_name":"Meta Bowling Green","dc_km":123.7,"dc_status":"construction","op_dc_name":null,"op_dc_km":null,"weather_flag":0,"dc_flag":0,"cause_category":"under investigation","planned_flag":0,"classification":"UNEXPLAINED FAIR-WEATHER","rationale":"no weather signal | nearest DC: Meta Bowling Green (123.7 km, construction)"}},{"type":"Feature","geometry":{"type":"Point","coordinates":[-83.04237,42.52513]},"properties":{"polled_at":"2026-10-03T11:25:14+00:00","region":"MI-DTE","outage_id":"42.5251,-83.0424","customers":4,"cause":"","crew_status":"","etr":"ETR-NULL","wind_kmh":8.9,"gust_kmh":19.4,"precip_mm":0.0,"temp_c":7.6,"nws_alerts":"","dc_name":"Meta Bowling Green","dc_km":137.47,"dc_status":"construction","op_dc_name":null,"op_dc_km":null,"weather_flag":0,"dc_flag":0,"cause_category":"not reported","planned_flag":0,"classification":"UNEXPLAINED FAIR-WEATHER","rationale":"no weather signal | nearest DC: Meta Bowling Green (137.5 km, construction)"}},{"type":"Feature","geometry":{"type":"Point","coordinates":[-82.99274,42.54297]},"properties":{"polled_at":"2026-10-03T11:25:14+00:00","region":"MI-DTE","outage_id":"42.543,-82.9927","customers":17,"cause":"","crew_status":"","etr":"ETR-NULL","wind_kmh":8.4,"gust_kmh":22.3,"precip_mm":0.0,"temp_c":6.9,"nws_alerts":"","dc_name":"Meta Bowling Green","dc_km":140.85,"dc_status":"construction","op_dc_name":null,"op_dc_km":null,"weather_flag":0,"dc_flag":0,"cause_category":"not reported","planned_flag":0,"classification":"UNEXPLAINED FAIR-WEATHER","rationale":"no weather signal | nearest DC: Meta Bowling Green (140.8 km, construction)"}},{"type":"Feature","geometry":{"type":"Point","coordinates":[-83.12064,42.45038]},"properties":{"polled_at":"2026-10-03T11:25:14+00:00","region":"MI-DTE","outage_id":"42.4504,-83.1206","customers":4,"cause":"Equipment problem","crew_status":"","etr":"ETR-NULL","wind_kmh":7.6,"gust_kmh":15.8,"precip_mm":0.0,"temp_c":8.2,"nws_alerts":"","dc_name":"Meta Bowling Green","dc_km":127.4,"dc_status":"construction","op_dc_name":null,"op_dc_km":null,"weather_flag":0,"dc_flag":0,"cause_category":"equipment","planned_flag":0,"classification":"UNEXPLAINED FAIR-WEATHER","rationale":"no weather signal | nearest DC: Meta Bowling Green (127.4 km, construction)"}},{"type":"Feature","geometry":{"type":"Point","coordinates":[-83.06258,42.4416]},"properties":{"polled_at":"2026-10-03T11:25:14+00:00","region":"MI-DTE","outage_id":"42.4416,-83.0626","customers":4,"cause":"Pending crew assessment","crew_status":"","etr":"ETR-NULL","wind_kmh":7.6,"gust_kmh":15.8,"precip_mm":0.0,"temp_c":8.2,"nws_alerts":"","dc_name":"Meta Bowling Green","dc_km":128.24,"dc_status":"construction","op_dc_name":null,"op_dc_km":null,"weather_flag":0,"dc_flag":0,"cause_category":"under investigation","planned_flag":0,"classification":"UNEXPLAINED FAIR-WEATHER","rationale":"no weather signal | nearest DC: Meta Bowling Green (128.2 km, construction)"}},{"type":"Feature","geometry":{"type":"Point","coordinates":[-83.07767,42.44381]},"properties":{"polled_at":"2026-10-03T11:25:14+00:00","region":"MI-DTE","outage_id":"42.4438,-83.0777","customers":4,"cause":"Meter issue","crew_status":"","etr":"ETR-NULL","wind_kmh":7.6,"gust_kmh":15.8,"precip_mm":0.0,"temp_c":8.2,"nws_alerts":"","dc_name":"Meta Bowling Green","dc_km":128.0,"dc_status":"construction","op_dc_name":null,"op_dc_km":null,"weather_flag":0,"dc_flag":0,"cause_category":"other","planned_flag":0,"classification":"UNEXPLAINED FAIR-WEATHER","rationale":"no weather signal | nearest DC: Meta Bowling Green (128.0 km, construction)"}},{"type":"Feature","geometry":{"type":"Point","coordinates":[-83.28239,42.41637]},"properties":{"polled_at":"2026-10-03T11:25:14+00:00","region":"MI-DTE","outage_id":"42.4164,-83.2824","customers":4,"cause":"Pending crew assessment","crew_status":"","etr":"ETR-NULL","wind_kmh":7.2,"gust_kmh":17.6,"precip_mm":0.0,"temp_c":7.7,"nws_alerts":"","dc_name":"Meta Bowling Green","dc_km":119.77,"dc_status":"construction","op_dc_name":null,"op_dc_km":null,"weather_flag":0,"dc_flag":0,"cause_category":"under investigation","planned_flag":0,"classification":"UNEXPLAINED FAIR-WEATHER","rationale":"no weather signal | nearest DC: Meta Bowling Green (119.8 km, construction)"}},{"type":"Feature","geometry":{"type":"Point","coordinates":[-83.28618,42.40665]},"properties":{"polled_at":"2026-10-03T11:25:14+00:00","region":"MI-DTE","outage_id":"42.4066,-83.2862","customers":4,"cause":"Problem with customer equipment","crew_status":"","etr":"ETR-NULL","wind_kmh":7.2,"gust_kmh":17.6,"precip_mm":0.0,"temp_c":7.7,"nws_alerts":"","dc_name":"Meta Bowling Green","dc_km":118.65,"dc_status":"construction","op_dc_name":null,"op_dc_km":null,"weather_flag":0,"dc_flag":0,"cause_category":"equipment","planned_flag":0,"classification":"UNEXPLAINED FAIR-WEATHER","rationale":"no weather signal | nearest DC: Meta Bowling Green (118.6 km, construction)"}},{"type":"Feature","geometry":{"type":"Point","coordinates":[-83.25233,42.38046]},"properties":{"polled_at":"2026-10-03T11:25:14+00:00","region":"MI-DTE","outage_id":"42.3805,-83.2523","customers":4,"cause":"Wind damage","crew_status":"","etr":"ETR-NULL","wind_kmh":7.2,"gust_kmh":17.6,"precip_mm":0.0,"temp_c":7.7,"nws_alerts":"","dc_name":"Meta Bowling Green","dc_km":116.6,"dc_status":"construction","op_dc_name":null,"op_dc_km":null,"weather_flag":1,"dc_flag":0,"cause_category":"weather (stated)","planned_flag":0,"classification":"WEATHER-LIKELY","rationale":"utility cause='Wind damage' | nearest DC: Meta Bowling Green (116.6 km, construction)"}},{"type":"Feature","geometry":{"type":"Point","coordinates":[-83.17044,42.35984]},"properties":{"polled_at":"2026-10-03T11:25:14+00:00","region":"MI-DTE","outage_id":"42.3598,-83.1704","customers":4,"cause":"Equipment problem","crew_status":"","etr":"ETR-NULL","wind_kmh":7.6,"gust_kmh":15.8,"precip_mm":0.0,"temp_c":8.2,"nws_alerts":"","dc_name":"Meta Bowling Green","dc_km":116.54,"dc_status":"construction","op_dc_name":null,"op_dc_km":null,"weather_flag":0,"dc_flag":0,"cause_category":"equipment","planned_flag":0,"classification":"UNEXPLAINED FAIR-WEATHER","rationale":"no weather signal | nearest DC: Meta Bowling Green (116.5 km, construction)"}},{"type":"Feature","geometry":{"type":"Point","coordinates":[-83.31133,42.30119]},"properties":{"polled_at":"2026-10-03T11:25:14+00:00","region":"MI-DTE","outage_id":"42.3012,-83.3113","customers":4,"cause":"Equipment problem","crew_status":"","etr":"ETR-NULL","wind_kmh":7.2,"gust_kmh":17.6,"precip_mm":0.0,"temp_c":7.7,"nws_alerts":"","dc_name":"Meta Bowling Green","dc_km":106.79,"dc_status":"construction","op_dc_name":null,"op_dc_km":null,"weather_flag":0,"dc_flag":0,"cause_category":"equipment","planned_flag":0,"classification":"UNEXPLAINED FAIR-WEATHER","rationale":"no weather signal | nearest DC: Meta Bowling Green (106.8 km, construction)"}},{"type":"Feature","geometry":{"type":"Point","coordinates":[-83.27412,42.31995]},"properties":{"polled_at":"2026-10-03T11:25:14+00:00","region":"MI-DTE","outage_id":"42.3199,-83.2741","customers":4,"cause":"Equipment problem","crew_status":"","etr":"ETR-NULL","wind_kmh":7.2,"gust_kmh":17.6,"precip_mm":0.0,"temp_c":7.7,"nws_alerts":"","dc_name":"Meta Bowling Green","dc_km":109.64,"dc_status":"construction","op_dc_name":null,"op_dc_km":null,"weather_flag":0,"dc_flag":0,"cause_category":"equipment","planned_flag":0,"classification":"UNEXPLAINED FAIR-WEATHER","rationale":"no weather signal | nearest DC: Meta Bowling Green (109.6 km, construction)"}},{"type":"Feature","geometry":{"type":"Point","coordinates":[-83.13748,42.3858]},"properties":{"polled_at":"2026-10-03T11:25:14+00:00","region":"MI-DTE","outage_id":"42.3858,-83.1375","customers":4,"cause":"Equipment problem","crew_status":"","etr":"ETR-NULL","wind_kmh":7.6,"gust_kmh":15.8,"precip_mm":0.0,"temp_c":8.2,"nws_alerts":"","dc_name":"Meta Bowling Green","dc_km":120.2,"dc_status":"construction","op_dc_name":null,"op_dc_km":null,"weather_flag":0,"dc_flag":0,"cause_category":"equipment","planned_flag":0,"classification":"UNEXPLAINED FAIR-WEATHER","rationale":"no weather signal | nearest DC: Meta Bowling Green (120.2 km, construction)"}},{"type":"Feature","geometry":{"type":"Point","coordinates":[-83.1281,42.38696]},"properties":{"polled_at":"2026-10-03T11:25:14+00:00","region":"MI-DTE","outage_id":"42.387,-83.1281","customers":4,"cause":"Pending crew assessment","crew_status":"","etr":"ETR-NULL","wind_kmh":7.6,"gust_kmh":15.8,"precip_mm":0.0,"temp_c":8.2,"nws_alerts":"","dc_name":"Meta Bowling Green","dc_km":120.59,"dc_status":"construction","op_dc_name":null,"op_dc_km":null,"weather_flag":0,"dc_flag":0,"cause_category":"under investigation","planned_flag":0,"classification":"UNEXPLAINED FAIR-WEATHER","rationale":"no weather signal | nearest DC: Meta Bowling Green (120.6 km, construction)"}},{"type":"Feature","geometry":{"type":"Point","coordinates":[-83.12451,42.37011]},"properties":{"polled_at":"2026-10-03T11:25:14+00:00","region":"MI-DTE","outage_id":"42.3701,-83.1245","customers":4,"cause":"Pending crew assessment","crew_status":"","etr":"ETR-NULL","wind_kmh":7.6,"gust_kmh":15.8,"precip_mm":0.0,"temp_c":8.2,"nws_alerts":"","dc_name":"Meta Bowling Green","dc_km":118.96,"dc_status":"construction","op_dc_name":null,"op_dc_km":null,"weather_flag":0,"dc_flag":0,"cause_category":"under investigation","planned_flag":0,"classification":"UNEXPLAINED FAIR-WEATHER","rationale":"no weather signal | nearest DC: Meta Bowling Green (119.0 km, construction)"}},{"type":"Feature","geometry":{"type":"Point","coordinates":[-82.9914,42.38593]},"properties":{"polled_at":"2026-10-03T11:25:14+00:00","region":"MI-DTE","outage_id":"42.3859,-82.9914","customers":4,"cause":"Private prop tree damaged equip","crew_status":"","etr":"ETR-NULL","wind_kmh":10.5,"gust_kmh":19.8,"precip_mm":0.0,"temp_c":9.3,"nws_alerts":"","dc_name":"Meta Bowling Green","dc_km":125.0,"dc_status":"construction","op_dc_name":null,"op_dc_km":null,"weather_flag":1,"dc_flag":0,"cause_category":"vegetation / tree","planned_flag":0,"classification":"WEATHER-LIKELY","rationale":"utility cause='Private prop tree damaged equip' | nearest DC: Meta Bowling Green (125.0 km, construction)"}},{"type":"Feature","geometry":{"type":"Point","coordinates":[-83.3267,42.28448]},"properties":{"polled_at":"2026-10-03T11:25:14+00:00","region":"MI-DTE","outage_id":"42.2845,-83.3267","customers":5,"cause":"","crew_status":"","etr":"ETR-NULL","wind_kmh":7.2,"gust_kmh":17.6,"precip_mm":0.0,"temp_c":7.7,"nws_alerts":"","dc_name":"Meta Bowling Green","dc_km":104.67,"dc_status":"construction","op_dc_name":null,"op_dc_km":null,"weather_flag":0,"dc_flag":0,"cause_category":"not reported","planned_flag":0,"classification":"UNEXPLAINED FAIR-WEATHER","rationale":"no weather signal | nearest DC: Meta Bowling Green (104.7 km, construction)"}},{"type":"Feature","geometry":{"type":"Point","coordinates":[-83.39422,42.26954]},"properties":{"polled_at":"2026-10-03T11:25:14+00:00","region":"MI-DTE","outage_id":"42.2695,-83.3942","customers":4,"cause":"Equipment problem","crew_status":"","etr":"ETR-NULL","wind_kmh":7.2,"gust_kmh":17.6,"precip_mm":0.0,"temp_c":7.7,"nws_alerts":"","dc_name":"Meta Bowling Green","dc_km":101.75,"dc_status":"construction","op_dc_name":null,"op_dc_km":null,"weather_flag":0,"dc_flag":0,"cause_category":"equipment","planned_flag":0,"classification":"UNEXPLAINED FAIR-WEATHER","rationale":"no weather signal | nearest DC: Meta Bowling Green (101.7 km, construction)"}},{"type":"Feature","geometry":{"type":"Point","coordinates":[-83.32998,42.05121]},"properties":{"polled_at":"2026-10-03T11:25:14+00:00","region":"MI-DTE","outage_id":"42.0512,-83.33","customers":4,"cause":"Pending crew assessment","crew_status":"","etr":"ETR-NULL","wind_kmh":9.4,"gust_kmh":20.5,"precip_mm":0.0,"temp_c":8.8,"nws_alerts":"","dc_name":"Meta Bowling Green","dc_km":79.8,"dc_status":"construction","op_dc_name":null,"op_dc_km":null,"weather_flag":0,"dc_flag":0,"cause_category":"under investigation","planned_flag":0,"classification":"UNEXPLAINED FAIR-WEATHER","rationale":"no weather signal | nearest DC: Meta Bowling Green (79.8 km, construction)"}},{"type":"Feature","geometry":{"type":"Point","coordinates":[-83.21263,42.23656]},"properties":{"polled_at":"2026-10-03T11:25:14+00:00","region":"MI-DTE","outage_id":"42.2366,-83.2126","customers":4,"cause":"Pending crew assessment","crew_status":"","etr":"ETR-NULL","wind_kmh":11.8,"gust_kmh":21.6,"precip_mm":0.0,"temp_c":9.8,"nws_alerts":"","dc_name":"Meta Bowling Green","dc_km":102.49,"dc_status":"construction","op_dc_name":null,"op_dc_km":null,"weather_flag":0,"dc_flag":0,"cause_category":"under investigation","planned_flag":0,"classification":"UNEXPLAINED FAIR-WEATHER","rationale":"no weather signal | nearest DC: Meta Bowling Green (102.5 km, construction)"}},{"type":"Feature","geometry":{"type":"Point","coordinates":[-83.19732,42.09199]},"properties":{"polled_at":"2026-10-03T11:25:14+00:00","region":"MI-DTE","outage_id":"42.092,-83.1973","customers":4,"cause":"Pending crew assessment","crew_status":"","etr":"ETR-NULL","wind_kmh":11.8,"gust_kmh":21.6,"precip_mm":0.0,"temp_c":9.8,"nws_alerts":"","dc_name":"Meta Bowling Green","dc_km":88.2,"dc_status":"construction","op_dc_name":null,"op_dc_km":null,"weather_flag":0,"dc_flag":0,"cause_category":"under investigation","planned_flag":0,"classification":"UNEXPLAINED FAIR-WEATHER","rationale":"no weather signal | nearest DC: Meta Bowling Green (88.2 km, construction)"}},{"type":"Feature","geometry":{"type":"Point","coordinates":[-82.72799,42.69497]},"properties":{"polled_at":"2026-10-03T11:25:14+00:00","region":"MI-DTE","outage_id":"42.695,-82.728","customers":4,"cause":"Equipment problem","crew_status":"","etr":"ETR-NULL","wind_kmh":9.7,"gust_kmh":25.6,"precip_mm":0.0,"temp_c":8.4,"nws_alerts":"","dc_name":"Meta Bowling Green","dc_km":165.42,"dc_status":"construction","op_dc_name":null,"op_dc_km":null,"weather_flag":0,"dc_flag":0,"cause_category":"equipment","planned_flag":0,"classification":"UNEXPLAINED FAIR-WEATHER","rationale":"no weather signal | nearest DC: Meta Bowling Green (165.4 km, construction)"}},{"type":"Feature","geometry":{"type":"Point","coordinates":[-82.8703,42.60653]},"properties":{"polled_at":"2026-10-03T11:25:14+00:00","region":"MI-DTE","outage_id":"42.6065,-82.8703","customers":4,"cause":"Pending crew assessment","crew_status":"","etr":"ETR-NULL","wind_kmh":8.4,"gust_kmh":22.3,"precip_mm":0.0,"temp_c":6.9,"nws_alerts":"","dc_name":"Meta Bowling Green","dc_km":151.41,"dc_status":"construction","op_dc_name":null,"op_dc_km":null,"weather_flag":0,"dc_flag":0,"cause_category":"under investigation","planned_flag":0,"classification":"UNEXPLAINED FAIR-WEATHER","rationale":"no weather signal | nearest DC: Meta Bowling Green (151.4 km, construction)"}},{"type":"Feature","geometry":{"type":"Point","coordinates":[-82.92776,42.44986]},"properties":{"polled_at":"2026-10-03T11:25:14+00:00","region":"MI-DTE","outage_id":"42.4499,-82.9278","customers":4,"cause":"Problem with customer equipment","crew_status":"","etr":"ETR-NULL","wind_kmh":10.5,"gust_kmh":19.8,"precip_mm":0.0,"temp_c":9.3,"nws_alerts":"","dc_name":"Meta Bowling Green","dc_km":133.69,"dc_status":"construction","op_dc_name":null,"op_dc_km":null,"weather_flag":0,"dc_flag":0,"cause_category":"equipment","planned_flag":0,"classification":"UNEXPLAINED FAIR-WEATHER","rationale":"no weather signal | nearest DC: Meta Bowling Green (133.7 km, construction)"}}]}